Hours_Studied,Attendance,Sleep_Hours,Previous_Scores
27,79,8,63
16,86,7,94
22,87,8,83
18,100,10,86
35,78,10,99
17,92,7,66
18,77,4,80
23,90,7,89
22,66,6,63
18,76,7,82
23,97,9,96
15,73,7,96
22,64,8,91
26,73,8,91
12,79,5,56
12,84,6,88
23,79,7,66
14,98,7,98
26,63,9,74
22,62,8,76
19,90,8,78
13,69,5,70
31,80,6,57
19,83,7,78
16,82,4,64
31,95,5,99
19,77,7,54
23,85,7,98
20,84,6,61
21,74,8,70
8,77,6,87
17,79,5,69
20,78,8,89
16,78,9,90
25,93,8,56
26,65,7,82
14,84,6,61
10,97,4,83
20,63,8,61
26,76,7,95
18,71,8,62
18,74,8,91
24,71,8,52
21,91,9,92
27,82,8,51
13,78,7,82
22,61,6,97
31,72,5,94
21,82,7,66
18,66,4,51
26,98,6,68
20,68,8,88
12,68,7,75
21,77,6,57
13,88,4,66
15,76,6,82
21,72,8,100
9,88,5,93
17,76,8,79
22,76,9,76
17,67,6,59
20,65,6,94
20,93,8,63
17,63,9,53
27,92,7,83
27,68,8,70
16,84,6,88
25,67,8,95
24,80,7,60
26,79,6,90
17,93,8,76
28,97,9,53
21,93,9,70
23,75,7,68
26,69,7,95
15,71,6,69
16,90,7,54
23,71,8,81
21,60,7,80
20,90,4,88
9,98,9,64
17,69,7,70
19,75,6,96
14,83,10,80
30,70,8,75
16,73,7,95
27,63,6,98
24,95,4,63
20,72,7,80
21,89,7,51
23,88,8,89
27,88,7,60
19,96,5,64
16,99,6,88
21,71,8,86
27,66,6,67
25,65,8,93
25,84,6,84
10,67,6,61
24,62,6,72
19,70,8,68
32,63,8,91
23,80,7,67
21,84,7,51
20,82,8,85
15,94,7,84
23,96,5,86
19,96,5,86
20,73,7,84
11,68,5,99
24,68,8,80
18,62,8,87
19,72,5,52
29,78,7,80
17,74,8,58
17,67,9,63
18,98,5,66
23,65,6,96
22,94,7,81
23,68,7,71
14,89,6,59
16,78,5,50
36,68,8,74
24,80,7,100
22,99,4,57
18,96,7,52
21,76,7,80
22,87,5,80
19,61,10,64
24,76,9,75
16,77,7,92
22,66,8,95
15,82,6,75
25,81,8,86
21,67,9,77
29,97,7,74
15,98,8,69
26,67,8,57
20,85,9,80
21,67,5,83
19,91,8,74
16,79,9,87
20,75,7,67
15,69,7,74
8,65,7,83
20,91,6,88
26,100,6,76
33,93,6,96
22,76,10,57
21,93,6,87
17,98,9,87
14,70,9,91
31,84,8,98
6,93,7,52
14,77,5,60
20,68,6,95
21,69,6,85
14,81,6,88
5,96,8,72
13,71,9,73
19,84,7,85
30,83,4,77
19,100,6,66
26,77,4,70
30,76,6,75
26,67,8,86
19,84,8,97
18,70,4,56
9,100,7,79
20,81,7,56
13,61,8,85
25,90,8,83
5,75,10,84
15,64,7,59
18,94,6,87
20,70,6,78
11,100,9,77
28,94,9,64
19,91,6,58
11,79,5,99
16,67,8,98
19,75,8,52
17,82,5,66
17,64,7,74
25,93,8,58
22,61,6,77
23,78,7,81
18,61,6,66
20,79,7,72
32,91,4,66
26,99,4,91
29,96,9,56
24,64,6,85
21,88,7,92
17,98,4,56
13,93,9,62
30,97,5,70
26,67,8,71
26,99,8,67
18,87,5,61
23,91,8,73
28,84,7,81
13,65,6,73
16,72,9,76
13,77,10,62
18,94,7,53
18,76,8,88
14,82,6,94
22,85,8,79
12,79,7,99
23,72,10,99
17,66,5,64
16,94,9,93
15,86,8,77
27,61,6,79
11,81,6,68
20,83,7,78
11,73,5,58
18,78,7,55
21,70,8,74
11,98,5,82
31,100,7,59
26,90,9,71
13,65,7,75
21,83,5,75
25,78,8,91
19,96,5,67
12,94,7,91
19,88,6,66
28,88,8,93
22,68,7,58
19,89,7,64
20,80,5,76
27,76,9,58
31,82,5,98
13,87,8,55
13,85,6,71
30,79,8,84
20,70,7,73
26,73,8,83
23,96,9,99
29,77,8,88
27,63,6,86
20,83,5,58
21,77,7,58
27,74,8,99
38,86,7,79
20,74,7,68
27,87,6,54
23,76,8,84
19,99,7,69
10,82,8,70
18,69,7,54
28,86,7,52
24,77,7,88
12,100,7,65
28,83,7,76
31,81,9,70
10,98,6,82
17,85,7,84
30,96,10,52
18,87,10,60
19,69,6,72
19,88,5,95
20,68,4,91
19,87,8,77
23,76,7,96
17,89,5,62
17,73,5,85
19,67,7,91
10,81,7,85
28,60,7,53
23,63,6,87
24,90,7,55
19,78,7,76
32,96,7,97
18,81,7,70
27,73,8,80
22,61,5,60
9,62,5,58
24,80,7,53
17,68,7,99
20,64,8,80
28,70,8,87
21,68,8,52
19,76,8,53
22,67,7,72
9,61,6,77
26,94,9,55
11,86,5,75
21,79,7,98
20,84,8,68
31,95,5,87
15,76,6,84
18,95,7,50
19,99,8,88
20,69,10,59
24,68,9,71
24,80,9,83
21,63,10,70
25,71,5,98
31,69,7,60
20,63,6,94
8,90,7,73
20,88,4,54
15,78,5,73
19,80,9,54
21,73,6,85
16,65,9,96
19,66,7,59
14,89,6,82
19,61,7,97
16,84,7,86
17,81,7,61
17,83,6,64
15,68,6,55
16,95,5,65
25,70,8,73
16,79,6,67
31,88,6,99
21,73,7,98
18,89,4,90
19,74,5,65
15,90,8,51
18,94,8,52
19,94,5,95
29,96,7,72
12,70,7,81
19,92,5,85
31,76,9,91
23,66,6,83
26,86,8,65
15,71,6,68
9,71,7,89
26,84,4,62
12,99,10,60
23,71,4,79
23,72,7,78
26,83,4,97
19,80,7,67
20,94,10,50
29,76,8,59
29,76,8,60
19,65,5,95
14,98,7,84
13,61,7,68
25,77,10,90
20,85,8,59
16,86,6,62
21,76,6,65
22,73,6,59
23,67,8,71
18,94,9,53
18,72,7,93
18,73,8,75
25,67,6,64
10,92,6,51
19,73,6,64
24,91,7,51
18,62,7,76
9,91,4,88
14,73,5,98
21,92,9,58
21,63,9,60
17,75,6,80
24,89,6,63
31,90,7,61
21,80,5,65
17,68,8,53
26,61,6,70
17,71,7,85
25,72,6,86
13,60,7,66
19,80,7,66
31,68,7,66
3,85,8,73
30,100,7,68
25,87,8,94
26,64,8,74
11,64,8,67
24,93,4,56
18,91,6,69
22,62,7,95
8,71,8,55
14,81,8,71
20,87,6,75
16,62,4,89
16,80,6,76
19,97,8,54
31,73,6,68
8,78,7,84
26,93,6,94
20,82,8,79
22,64,6,52
18,84,6,50
24,88,5,70
11,94,8,94
28,67,8,82
24,66,7,71
24,76,7,72
25,82,8,68
28,91,6,69
16,94,7,76
22,65,8,91
23,71,9,75
19,94,5,53
10,67,6,65
17,73,9,78
19,99,8,69
9,82,8,78
24,69,7,81
26,76,5,64
31,62,7,51
12,89,4,59
24,88,10,88
13,77,7,58
28,70,9,87
30,72,8,84
22,92,8,82
8,83,6,85
18,78,8,96
9,70,8,70
19,65,5,65
11,65,7,78
16,76,6,87
14,70,9,54
16,67,6,72
11,91,6,94
32,75,6,56
26,98,4,88
21,66,6,76
16,83,6,57
20,79,8,53
10,60,9,85
16,96,7,81
18,78,6,69
18,68,8,52
14,81,9,90
11,70,7,66
17,90,8,65
3,96,9,59
31,69,7,52
12,92,4,92
14,91,7,95
7,64,9,70
23,74,6,76
12,100,7,64
19,91,7,91
21,94,7,73
26,95,8,61
25,73,5,79
32,68,7,54
12,95,7,70
11,85,4,92
20,83,10,58
28,83,6,98
23,87,7,79
20,73,9,92
19,94,7,99
27,92,10,96
28,78,7,86
30,77,8,83
25,95,6,75
20,66,6,55
22,69,9,84
21,76,5,67
22,61,6,82
6,67,6,99
22,75,6,63
30,67,8,86
18,73,7,72
17,87,7,61
19,61,8,95
6,85,9,70
20,66,8,73
18,84,6,98
16,79,7,74
24,96,7,77
27,81,8,78
28,73,7,62
16,68,8,71
28,64,7,77
25,62,8,77
15,83,10,84
22,79,6,63
27,80,9,80
11,61,5,61
22,91,6,73
24,63,8,60
15,74,7,60
23,64,7,75
19,67,9,84
17,86,5,51
19,97,5,78
22,96,5,59
10,94,9,65
14,86,6,62
20,96,7,78
17,98,5,73
18,81,8,77
18,71,7,81
15,82,6,90
12,87,9,75
6,66,7,62
26,100,9,60
13,99,6,95
23,78,7,84
10,79,8,73
24,65,6,79
17,61,7,63
22,86,6,54
26,71,8,100
20,71,7,70
20,66,8,93
15,93,9,96
20,94,8,89
20,81,6,61
17,79,8,62
20,78,8,64
28,76,6,71
21,82,7,52
20,82,9,69
18,65,7,64
21,63,7,63
21,66,7,52
10,76,8,76
19,93,6,65
17,71,9,83
23,86,8,91
14,62,6,78
11,64,5,78
33,66,6,59
16,83,7,56
23,70,7,75
28,85,6,64
15,99,6,73
20,81,8,68
24,62,9,97
17,62,8,86
15,65,8,51
16,87,5,76
9,74,6,69
13,96,8,71
18,63,8,62
13,66,6,90
31,75,7,90
21,96,5,58
22,63,4,54
36,66,8,58
21,83,8,97
20,84,10,63
14,66,10,63
24,85,7,87
27,83,10,95
18,75,6,88
28,74,8,90
28,85,7,59
27,82,6,87
32,84,8,87
19,82,7,57
19,65,9,87
15,84,4,92
23,87,6,93
6,65,6,62
16,72,6,87
21,79,8,95
16,73,7,74
22,91,8,95
8,71,8,97
13,70,8,56
9,74,7,66
13,92,6,74
24,76,9,85
16,87,6,85
21,73,8,99
19,79,8,57
12,90,7,61
24,67,10,64
15,73,5,56
18,77,7,100
12,89,8,78
26,75,6,72
21,95,7,67
21,63,7,54
15,73,8,68
23,62,6,51
16,82,7,56
24,79,7,60
21,72,5,73
15,80,9,56
28,63,6,87
22,80,9,51
27,89,4,67
27,82,6,88
6,83,6,89
27,74,9,84
24,81,6,85
21,79,6,88
19,66,7,94
33,78,9,72
21,61,7,58
24,90,8,65
30,97,6,66
19,75,8,77
18,79,6,96
15,74,4,68
24,88,6,86
26,84,10,89
21,71,8,54
14,74,8,54
30,67,8,94
15,93,6,64
17,86,6,84
34,72,9,88
7,97,6,97
25,82,8,94
16,82,6,99
13,99,6,75
21,79,8,54
33,63,9,59
18,67,6,51
15,79,6,100
20,96,8,57
11,75,8,64
28,64,8,78
22,86,6,55
23,72,6,92
21,93,9,78
15,60,9,65
24,97,5,74
23,77,6,69
31,93,8,82
15,83,7,83
28,95,8,96
24,75,8,77
21,91,8,74
29,92,4,91
20,98,8,89
31,77,5,53
16,78,6,96
29,100,8,100
24,67,7,77
20,87,7,60
19,61,7,51
11,70,6,89
21,98,9,59
20,98,6,64
22,73,7,67
17,79,7,80
27,77,6,96
12,63,5,63
14,63,8,74
21,70,5,93
24,79,8,68
16,84,7,75
9,65,4,88
11,92,5,75
24,73,7,70
28,83,9,81
31,67,5,76
20,68,6,76
21,69,9,80
35,99,7,85
22,71,8,56
20,71,6,80
23,91,6,93
15,94,8,64
4,91,4,86
15,86,6,90
15,70,8,63
18,98,7,65
15,83,5,75
23,69,6,60
17,87,8,52
25,72,6,89
14,60,9,67
28,71,8,66
17,69,7,87
13,67,7,76
19,67,5,77
25,61,7,81
18,99,7,86
22,92,9,72
33,71,5,84
15,91,6,72
21,84,6,66
22,84,8,69
23,76,6,78
23,70,7,94
21,93,6,91
34,81,9,82
14,86,8,90
24,64,4,67
27,74,6,54
21,75,7,70
20,98,7,75
9,78,9,57
25,69,9,98
20,84,7,71
23,67,6,88
13,91,6,90
16,63,6,57
24,92,9,76
21,79,8,52
17,74,7,62
19,66,8,77
19,84,7,56
24,99,4,92
23,63,8,69
19,88,6,86
27,61,5,51
24,66,8,81
9,62,9,90
22,76,6,71
22,69,6,74
19,72,8,96
24,82,4,85
22,91,7,74
25,82,4,54
25,69,8,64
18,62,7,62
11,94,6,88
21,66,7,61
12,80,7,90
20,99,8,64
16,85,10,79
8,85,9,54
16,67,5,53
19,79,8,92
13,99,6,57
27,95,8,88
20,92,10,69
25,98,8,51
22,87,8,64
16,71,6,59
26,96,7,68
15,86,8,66
26,86,7,82
14,96,4,97
24,79,6,99
17,78,7,86
16,78,7,62
18,69,7,97
26,66,8,71
31,68,7,86
9,77,7,83
30,91,7,95
21,61,7,93
6,80,9,92
24,77,8,80
17,61,7,72
20,83,7,89
23,77,8,96
22,88,9,68
11,84,6,59
21,97,9,63
26,94,8,56
27,65,9,51
19,99,7,52
24,84,9,93
14,85,7,89
26,64,7,62
22,92,7,74
13,97,8,81
18,66,5,96
22,98,7,56
12,81,5,82
18,85,10,55
17,92,8,89
23,78,10,74
25,94,8,96
14,75,5,95
3,70,7,58
20,95,7,64
13,80,4,66
24,71,9,80
18,94,7,82
15,75,7,91
24,78,9,94
8,96,8,100
17,97,6,90
21,94,5,94
32,76,7,63
28,80,7,88
23,61,6,73
18,69,8,59
17,64,7,69
27,97,9,66
24,63,6,99
28,94,7,60
21,93,6,56
30,85,6,83
13,62,9,87
19,99,6,100
28,78,4,73
19,64,4,71
13,92,7,70
19,68,5,80
14,67,9,87
22,94,9,53
28,93,6,90
23,93,6,87
10,75,8,87
20,95,6,76
25,79,7,64
16,95,6,69
26,74,6,69
7,98,9,58
14,79,6,59
16,85,8,86
14,94,9,83
19,74,10,85
13,87,6,98
13,84,9,51
12,72,6,50
21,93,6,67
27,76,8,67
26,83,7,70
20,62,4,78
22,85,4,79
17,96,9,79
22,95,7,85
24,96,8,75
18,66,6,68
10,77,8,99
30,72,6,63
18,90,6,88
20,60,9,73
21,99,7,53
25,62,6,61
27,67,6,54
20,90,7,78
22,85,9,97
25,66,7,84
19,85,8,70
11,99,9,88
21,95,5,62
16,66,8,99
22,79,9,76
24,91,9,76
16,95,8,52
13,85,6,88
20,81,5,60
11,73,7,67
20,73,6,84
22,98,7,52
13,63,8,88
24,82,8,50
28,87,6,52
14,84,5,82
28,92,7,87
25,94,5,71
32,76,6,96
16,71,5,73
16,97,6,92
18,65,6,53
14,62,7,97
35,84,8,92
11,60,7,59
17,91,10,84
21,88,7,86
30,84,9,94
26,100,7,74
21,74,10,83
22,65,8,98
19,74,6,96
22,84,5,59
19,99,6,100
13,70,6,81
10,81,9,98
24,83,7,52
14,96,9,76
26,98,10,54
29,90,7,95
28,69,8,98
20,71,5,52
16,100,8,65
17,72,7,74
15,72,8,50
14,75,6,75
22,98,8,69
17,88,10,100
21,76,7,81
25,77,7,70
22,68,4,92
18,71,7,72
20,70,9,75
28,78,8,87
18,75,5,80
18,94,5,81
17,87,7,91
22,64,9,60
26,72,9,81
17,93,7,93
22,69,7,98
24,71,5,64
23,92,9,58
25,63,7,72
20,79,8,71
16,90,5,100
14,81,6,64
22,70,10,83
15,91,4,72
19,84,10,63
19,86,9,93
21,80,7,75
21,93,7,80
23,75,6,73
21,93,6,67
8,86,6,50
21,92,7,56
21,66,6,74
24,98,9,99
21,80,5,84
25,73,5,75
12,98,8,64
18,67,7,78
8,73,8,78
22,62,6,54
16,82,6,75
18,96,9,63
22,79,5,100
20,91,7,74
10,94,5,71
13,63,8,52
21,97,7,53
12,66,7,99
26,76,6,77
19,84,9,69
27,63,6,98
19,78,5,55
10,65,7,55
29,83,7,55
20,78,5,92
25,95,7,57
25,67,9,93
20,74,8,51
20,97,6,67
27,76,7,68
17,91,10,86
17,91,4,54
11,96,7,60
14,81,9,81
18,61,7,67
22,64,10,77
19,62,8,86
13,88,9,88
29,90,9,83
18,89,7,66
17,84,6,85
16,82,6,81
28,65,4,64
16,99,9,55
12,90,6,61
16,91,6,91
26,65,7,67
19,66,8,83
20,68,7,89
14,94,7,74
25,98,9,84
18,85,6,95
21,80,4,78
32,88,8,58
20,80,9,65
23,79,6,70
25,69,7,88
18,76,9,66
18,74,6,67
19,93,8,80
25,74,9,88
33,93,7,98
24,67,6,86
26,83,6,52
14,82,8,95
19,90,8,68
14,82,8,94
16,79,4,66
23,64,6,51
21,63,7,64
31,65,7,71
22,64,5,77
14,93,8,80
22,70,7,99
18,98,6,87
18,81,9,73
29,93,5,93
18,83,8,96
14,68,6,52
20,94,8,59
19,83,8,76
23,98,6,77
16,75,7,91
22,98,5,69
23,97,6,99
20,87,10,56
20,61,6,63
25,99,7,86
11,74,7,98
38,80,5,78
20,89,10,91
21,67,7,70
22,83,5,82
17,96,7,50
17,72,7,61
15,62,7,74
21,87,7,100
21,70,8,84
21,98,6,70
14,78,5,90
24,72,8,88
24,95,5,87
12,74,8,66
10,69,8,97
21,69,7,86
25,87,6,96
26,81,9,67
16,78,7,68
12,98,7,63
16,81,9,54
19,61,8,83
27,68,9,95
24,65,7,55
14,69,8,62
25,82,6,86
16,61,6,92
27,99,10,59
13,70,8,75
32,95,7,66
21,100,6,94
28,74,9,96
18,97,7,70
23,64,6,60
15,77,8,85
19,97,6,94
13,69,5,68
8,80,6,85
21,66,7,56
14,65,9,69
25,73,6,80
24,70,8,55
29,85,9,65
31,99,4,57
13,63,6,55
23,99,7,80
24,80,7,97
25,87,10,97
24,83,8,59
10,61,10,79
20,64,6,50
16,69,8,56
19,67,5,92
12,94,5,68
23,91,9,67
22,63,9,87
19,97,8,98
30,64,7,69
4,61,6,63
25,72,4,92
34,61,9,75
30,81,6,76
28,94,5,80
20,66,7,73
16,73,4,61
21,78,8,84
19,75,8,64
27,64,6,56
28,60,5,70
4,69,9,93
17,86,5,55
23,64,6,95
24,97,6,68
18,72,6,85
17,96,6,60
22,88,6,63
21,96,4,50
26,78,8,73
10,67,8,92
29,77,7,52
19,67,8,98
27,92,9,100
22,73,6,58
13,91,8,74
35,83,6,53
33,61,6,92
15,66,7,60
22,67,8,53
17,82,6,84
23,89,6,66
14,85,6,94
13,62,8,56
18,97,7,77
32,66,10,77
22,99,10,98
4,60,7,55
25,76,6,57
21,74,6,70
9,84,7,92
23,84,6,78
20,91,6,64
22,92,6,53
24,82,7,72
10,69,5,65
34,93,6,93
16,98,8,85
14,70,7,53
18,78,5,77
16,92,6,58
19,90,6,77
15,91,6,61
23,98,6,66
25,92,9,72
30,75,7,77
19,79,7,90
19,74,7,76
9,77,5,57
21,83,6,78
18,82,9,73
18,93,6,55
24,95,6,96
23,86,8,59
20,95,6,74
13,85,6,89
23,67,9,97
24,92,5,55
27,76,5,89
26,78,6,72
21,88,6,90
23,95,8,94
23,87,6,95
26,60,7,94
20,83,7,100
29,69,7,58
27,62,7,96
25,73,7,70
25,65,4,76
14,82,6,77
26,94,10,54
13,66,6,98
25,77,8,85
19,90,6,51
24,89,6,60
21,79,8,91
12,93,6,59
23,82,6,83
17,74,8,87
18,87,5,84
19,77,6,54
21,82,7,53
24,65,10,92
30,99,5,54
7,68,9,74
25,96,8,88
21,62,8,73
15,76,9,76
8,73,4,80
20,84,8,72
25,93,5,90
19,83,6,64
27,81,6,70
13,74,7,98
27,80,6,65
15,85,7,82
21,68,8,100
23,69,6,59
7,74,9,98
16,83,7,62
19,66,7,58
27,63,8,55
25,91,8,72
18,98,7,92
15,67,5,74
22,79,9,94
19,63,8,55
21,69,7,59
18,90,5,62
25,72,6,73
21,70,9,66
16,86,7,94
17,84,9,70
34,93,6,91
24,60,8,99
26,86,9,91
16,77,10,69
26,77,7,71
18,60,5,91
24,94,7,63
19,78,7,55
20,63,8,73
25,63,6,71
20,87,8,58
22,91,10,51
26,75,7,76
17,83,8,51
15,98,6,58
19,94,6,91
30,82,10,86
31,96,5,96
16,97,8,57
16,67,6,88
16,83,8,92
14,90,7,66
16,92,5,85
14,74,8,100
15,71,6,69
20,62,8,94
17,80,7,52
9,75,7,54
15,91,6,91
20,73,5,89
20,79,7,91
27,61,5,70
21,91,9,79
19,65,7,68
29,78,9,66
23,87,6,72
19,83,7,70
26,94,5,79
9,91,8,65
14,97,5,83
23,88,7,59
14,82,8,65
19,80,5,100
26,78,7,78
24,91,7,93
21,84,6,75
23,71,8,50
24,70,9,52
16,93,6,56
29,81,7,52
17,81,7,54
22,78,7,54
23,81,8,69
12,98,6,87
21,93,8,82
22,77,10,66
27,75,7,54
13,93,5,52
27,89,6,89
39,97,10,91
12,89,7,72
8,65,10,74
13,80,5,94
27,72,5,93
19,86,6,54
25,81,7,85
16,91,6,92
24,95,8,59
24,76,8,69
16,61,4,86
16,61,7,82
14,83,4,81
20,70,7,84
16,89,7,83
16,63,6,95
16,66,5,57
20,70,8,64
16,75,5,86
20,94,10,81
17,92,8,88
19,68,6,66
21,74,8,79
13,79,7,60
23,100,9,68
29,77,7,52
29,74,7,57
28,76,8,66
17,87,9,99
12,98,4,54
20,72,9,66
16,76,7,88
34,77,7,80
18,96,7,88
17,67,5,52
16,85,7,93
25,65,9,89
20,79,7,87
22,95,5,55
19,76,8,66
15,95,7,62
18,92,4,88
21,62,7,50
20,91,7,93
12,71,8,54
19,60,8,73
15,94,8,77
25,70,7,63
10,73,8,72
26,67,8,97
31,76,7,70
31,66,8,80
8,97,8,87
22,69,8,51
13,83,5,59
21,85,5,75
16,100,7,55
14,98,7,76
16,93,5,82
14,63,9,72
32,88,7,83
30,80,6,54
23,85,7,76
28,71,8,69
20,63,5,95
13,78,9,73
19,69,7,59
10,85,6,81
16,92,8,68
10,63,4,77
16,88,6,52
7,90,7,93
27,87,9,88
29,74,8,62
15,67,9,94
22,67,8,52
13,75,7,76
20,97,6,93
10,81,8,63
22,85,6,66
15,79,4,80
24,92,8,64
27,81,7,77
28,78,7,92
10,94,7,74
13,84,8,58
22,85,8,73
20,77,8,55
26,69,9,55
14,98,8,99
22,82,7,58
27,87,7,78
16,64,9,58
17,60,8,50
16,83,5,63
13,94,6,65
12,95,5,85
15,80,7,80
26,72,8,82
25,69,5,63
22,73,4,92
33,90,9,77
26,76,7,74
25,82,5,86
16,76,7,59
13,85,9,73
17,88,7,94
23,90,5,78
19,76,7,76
18,69,5,73
31,71,7,66
17,93,6,87
27,91,5,87
29,92,10,63
19,98,6,73
23,63,7,76
21,84,9,98
22,93,8,77
13,81,6,53
27,82,9,67
12,79,8,73
14,77,6,77
24,75,7,94
22,79,8,93
23,80,6,56
21,64,7,73
27,75,8,60
17,97,8,61
30,73,9,70
26,64,9,53
26,71,7,76
33,87,8,77
19,85,7,59
30,70,6,84
12,85,6,82
32,65,8,57
9,78,7,100
20,80,6,77
12,70,8,55
14,81,5,95
20,66,6,90
12,89,7,63
9,69,10,92
16,90,5,100
17,66,9,89
21,75,7,83
18,68,8,89
23,76,7,86
27,63,6,51
24,76,8,59
19,68,8,75
17,82,5,61
29,70,8,97
22,66,10,95
18,99,8,72
14,79,8,51
18,79,4,95
8,67,5,77
23,67,8,69
17,64,6,92
34,64,6,71
31,64,7,81
30,86,4,85
30,64,6,81
25,90,7,96
28,66,10,52
23,64,6,83
7,66,8,68
15,81,7,100
15,73,7,60
23,94,9,83
27,95,8,57
20,68,5,82
22,64,10,77
18,97,6,76
25,98,7,98
23,80,7,57
18,82,6,75
17,68,7,99
14,85,5,53
15,74,4,92
10,66,7,77
17,74,9,50
16,94,8,94
16,77,6,76
16,92,7,66
26,93,6,87
17,82,7,88
22,71,7,65
23,72,6,69
24,80,9,62
15,69,9,62
13,66,6,69
28,81,6,96
20,83,7,79
19,99,7,87
25,60,5,73
8,66,8,83
16,74,7,74
17,70,7,75
24,64,8,65
15,74,8,76
22,85,4,82
21,62,6,54
13,64,9,83
23,97,9,62
13,75,6,100
15,60,5,72
25,71,7,96
22,78,8,69
21,60,6,71
24,63,7,91
9,97,7,57
25,89,7,59
12,61,7,52
14,75,8,52
22,89,8,93
22,98,7,60
26,89,8,59
21,77,8,59
20,76,5,99
19,94,4,76
28,96,4,98
33,74,9,64
23,63,9,79
23,67,6,90
18,91,7,95
23,84,9,56
10,64,9,76
21,79,7,66
21,74,7,52
11,93,6,72
7,73,7,75
25,88,8,98
18,62,6,98
18,97,7,79
20,73,7,91
22,84,6,89
29,70,6,59
15,67,5,80
16,90,6,90
23,74,6,57
21,60,8,93
26,86,6,83
16,94,8,76
20,89,9,95
17,80,7,68
21,100,6,67
14,85,4,75
14,76,5,71
25,82,8,96
20,69,8,96
16,83,6,72
26,82,7,79
21,94,6,99
22,65,6,74
21,93,8,80
18,92,8,68
13,80,9,76
18,88,8,78
19,75,8,98
23,66,6,80
21,70,7,63
18,65,6,60
33,72,8,83
27,97,8,81
13,70,6,96
23,81,7,88
22,91,4,81
17,83,7,92
15,67,7,86
25,76,8,53
23,78,8,94
27,72,6,63
10,97,6,66
11,88,7,73
33,64,9,65
12,80,9,71
29,83,6,77
5,93,7,63
15,68,5,95
16,71,7,72
22,70,7,85
13,100,8,73
18,98,6,62
21,97,8,61
15,60,7,91
16,84,5,53
15,100,5,74
25,95,7,78
14,82,4,96
19,97,9,61
14,80,5,81
18,97,9,88
29,67,7,75
17,95,5,62
18,69,4,62
17,82,10,94
19,69,9,94
23,69,8,86
22,64,8,68
25,71,6,73
13,86,8,59
27,64,5,51
24,79,5,88
13,82,7,88
16,79,6,64
20,67,6,67
10,72,7,89
23,67,7,88
18,71,9,93
21,90,8,60
18,96,9,80
30,71,9,95
24,95,8,86
19,89,6,55
14,78,6,69
13,88,9,61
26,69,10,87
17,86,7,94
13,92,7,77
16,61,10,78
21,71,8,90
24,69,7,67
11,69,8,65
20,68,6,98
24,76,6,67
26,79,8,52
16,81,5,85
31,61,7,84
16,99,5,73
29,74,6,69
33,64,10,76
2,99,9,52
25,71,8,74
24,85,10,83
17,77,7,96
21,94,8,100
19,74,6,89
28,64,7,78
18,86,9,62
26,65,7,74
19,85,8,98
14,80,8,93
25,70,7,85
32,85,9,63
13,63,5,65
11,68,6,91
13,60,10,64
24,66,8,89
21,100,6,79
33,61,7,99
20,71,6,56
24,66,7,74
29,99,7,55
15,70,6,85
16,75,5,83
24,67,6,87
27,74,9,64
33,74,6,88
17,96,8,87
9,69,7,80
25,64,4,53
26,68,8,96
23,64,7,55
30,79,9,60
16,76,6,55
24,80,6,89
24,84,6,82
20,92,5,86
16,82,7,82
17,87,4,68
20,81,8,69
16,77,7,92
24,72,7,61
15,78,9,75
23,98,7,52
22,71,8,57
12,86,5,76
7,96,6,50
21,76,6,74
16,77,7,69
24,61,7,80
14,85,9,87
25,97,7,85
18,75,9,83
23,90,5,53
25,87,4,76
21,89,10,87
29,67,7,72
23,94,4,78
26,67,9,75
18,73,8,74
21,81,4,51
21,60,9,62
15,64,7,67
30,87,7,59
12,65,7,65
23,75,8,61
19,62,5,90
16,69,4,54
23,91,6,71
20,68,6,96
28,82,6,80
13,84,9,94
18,79,7,81
26,89,6,72
18,85,6,74
11,76,6,83
7,69,6,88
10,88,9,60
19,76,6,53
22,78,5,61
16,86,8,63
19,75,10,88
19,68,8,72
24,64,8,90
19,99,5,72
18,93,5,85
21,85,10,61
17,67,10,51
23,66,8,94
19,94,7,75
15,65,9,93
11,86,6,84
19,92,6,52
25,94,7,76
15,67,6,83
13,60,6,66
18,94,7,79
26,77,5,100
30,86,8,52
12,95,4,87
15,76,5,79
21,75,7,79
15,98,8,80
25,94,7,86
17,99,5,67
14,74,5,95
25,66,7,55
16,68,7,85
23,62,6,85
25,67,6,65
23,90,5,51
27,64,8,67
10,95,5,93
12,96,9,65
15,99,7,73
25,72,6,78
31,61,4,79
27,92,6,62
14,62,8,65
27,88,7,90
11,67,8,52
19,65,8,54
21,83,7,64
30,95,7,90
11,67,6,54
19,62,6,89
17,99,10,86
13,85,7,84
20,80,5,89
24,91,8,55
23,92,7,72
19,66,8,59
17,67,6,62
19,85,9,53
16,68,7,83
17,74,9,56
23,68,9,55
28,100,6,72
25,91,8,74
17,61,6,58
31,91,8,84
13,61,7,73
21,96,9,87
28,78,9,73
15,77,7,78
24,86,10,91
20,94,7,89
19,69,7,72
20,60,4,73
8,80,6,86
14,68,9,79
18,95,6,94
23,86,4,100
17,65,5,75
18,71,7,80
17,60,5,97
22,89,8,89
29,92,8,58
20,71,7,62
11,84,5,81
31,78,6,97
19,82,10,67
15,83,5,89
23,92,6,54
18,66,7,92
22,67,7,70
19,98,8,87
16,96,5,58
21,88,7,93
25,75,7,82
20,80,6,86
22,70,6,53
20,96,8,65
17,77,6,54
25,100,6,85
24,62,7,83
4,76,8,90
13,64,6,77
23,67,6,63
26,67,7,77
11,66,7,74
21,94,5,73
13,71,7,86
26,79,5,63
14,65,5,94
5,87,6,86
27,63,7,80
27,74,7,71
17,98,7,88
18,75,7,66
20,69,7,97
13,69,7,73
22,89,6,80
26,62,6,59
33,95,6,77
27,91,8,70
27,73,7,73
12,65,7,71
8,75,5,92
14,91,7,62
23,72,10,84
24,63,8,85
20,92,6,82
22,71,6,79
17,77,5,59
24,98,6,93
17,88,5,67
25,61,8,65
12,77,7,64
23,93,5,81
11,69,9,100
22,70,8,74
17,63,6,94
27,93,7,84
15,93,7,80
18,75,6,100
11,73,7,68
17,65,5,96
12,70,5,85
24,75,8,85
18,69,10,89
9,70,8,82
26,94,6,92
18,64,6,51
21,98,5,63
21,81,8,61
12,89,6,55
18,80,8,92
17,81,9,77
17,97,9,88
16,97,7,96
15,68,6,73
16,74,9,86
14,93,9,83
16,73,8,62
13,61,8,84
19,73,6,52
17,62,7,78
15,75,4,74
13,99,7,83
30,81,5,67
14,93,5,75
21,80,7,92
19,61,9,62
21,68,5,85
21,94,9,65
23,99,8,95
14,70,9,51
20,76,6,87
23,94,8,94
24,86,9,69
20,93,6,78
17,78,9,76
25,76,6,89
19,77,8,53
17,98,7,92
20,67,8,82
17,95,5,77
16,87,10,96
23,72,8,58
21,85,8,50
7,93,9,52
22,63,8,55
11,99,7,88
25,65,7,94
19,63,7,58
24,98,9,53
10,92,4,60
15,94,8,60
19,81,6,62
28,70,8,97
19,64,8,62
21,97,6,53
22,65,6,85
25,87,9,52
24,68,6,74
25,73,6,71
16,89,9,74
7,82,8,56
29,94,7,79
21,100,5,92
21,80,8,90
14,69,6,55
7,62,7,74
18,95,6,81
19,82,8,82
21,91,10,78
32,65,10,57
27,61,10,86
17,97,9,63
28,96,6,63
17,68,9,57
17,98,6,62
22,97,5,68
33,78,7,86
23,94,5,100
16,90,7,58
15,93,7,52
17,81,8,78
12,97,7,57
24,82,6,91
22,81,7,87
14,91,8,70
22,65,8,82
21,77,7,90
20,89,8,91
23,72,8,87
12,98,4,68
22,80,9,72
26,68,8,90
28,77,7,89
17,81,6,95
28,82,7,71
12,62,6,63
27,78,8,89
20,95,8,87
20,89,8,52
24,84,6,99
18,71,4,92
16,73,6,94
24,61,6,83
21,70,6,78
18,71,7,61
18,64,8,69
16,82,7,75
25,75,7,57
19,99,9,67
23,81,7,85
25,88,6,53
19,89,6,90
31,84,5,50
14,80,7,98
26,68,10,70
7,88,6,71
8,89,7,81
16,61,6,81
18,74,6,69
27,98,7,58
18,95,9,96
15,96,9,82
19,81,8,96
17,79,7,82
18,63,7,66
20,91,7,82
28,61,7,76
26,92,6,72
21,88,7,69
20,98,7,78
26,72,8,76
12,72,6,88
17,81,5,87
19,71,7,99
18,88,7,64
15,92,5,84
18,85,8,96
17,85,8,93
22,67,6,58
15,71,8,60
24,66,6,64
26,62,6,86
21,94,9,95
12,97,7,83
15,90,8,55
22,80,8,61
36,89,8,62
29,84,7,68
22,97,8,75
20,82,7,52
26,61,5,51
18,88,6,68
28,69,7,54
18,85,4,99
18,64,7,57
13,69,7,72
20,66,7,79
7,88,7,64
27,91,8,75
3,78,8,54
15,68,5,67
11,65,5,62
18,94,7,56
23,95,6,86
22,79,7,59
24,93,7,77
32,69,5,64
15,88,8,71
28,73,7,63
20,77,7,68
22,93,9,59
22,75,6,62
22,91,8,76
22,81,7,80
21,67,6,61
21,76,6,64
20,65,8,50
19,72,5,85
22,73,5,91
13,99,7,81
20,89,7,84
16,94,8,56
12,93,6,50
18,77,10,85
9,90,9,65
24,100,6,86
15,81,4,89
22,86,7,72
19,60,10,51
30,84,8,51
19,60,8,94
14,81,5,78
25,63,6,89
24,86,7,54
27,68,5,97
20,80,5,74
11,68,6,80
27,86,7,59
39,92,9,73
25,73,5,82
11,70,7,95
22,99,8,87
23,66,8,73
20,64,8,86
26,93,4,80
22,89,7,54
22,73,8,77
22,87,6,58
21,90,8,75
25,70,7,51
24,61,8,88
31,92,9,54
6,71,5,85
43,86,7,97
33,64,8,55
7,73,6,75
25,66,4,71
26,84,7,64
17,94,7,78
18,71,7,85
21,88,6,91
19,67,5,82
23,86,8,96
24,75,9,95
17,79,7,67
32,62,7,86
15,90,8,97
17,85,10,66
14,84,8,99
15,63,7,74
23,62,4,70
16,97,7,87
28,86,7,96
29,68,5,74
27,81,8,93
24,77,7,65
20,95,7,58
17,90,5,88
23,68,6,70
30,74,10,99
31,64,6,93
27,99,5,63
28,91,7,90
12,81,9,86
19,85,7,86
20,70,6,92
22,95,9,88
17,68,4,65
16,71,6,77
4,69,6,99
15,65,5,87
15,91,8,75
20,62,7,91
28,73,4,73
15,66,7,75
23,80,6,97
20,74,6,79
19,74,7,68
14,65,7,82
22,73,5,58
19,92,7,89
23,84,8,59
14,74,7,72
15,80,9,91
22,81,5,90
23,84,7,73
15,62,8,70
17,92,9,68
24,69,6,69
16,74,8,76
27,77,7,86
18,70,7,60
10,80,6,93
21,93,6,64
18,87,8,57
22,99,5,67
20,98,8,72
30,72,7,73
19,79,8,63
20,76,7,86
22,80,8,71
22,79,7,91
24,63,8,99
31,85,8,53
10,96,7,92
18,77,9,57
21,72,6,96
14,99,8,80
20,71,8,60
21,62,9,92
28,84,9,76
21,73,5,90
24,87,6,78
30,71,9,98
22,96,6,72
13,75,10,54
23,89,7,82
22,72,10,71
18,98,7,64
25,62,10,84
28,64,6,89
8,80,6,52
17,65,9,79
16,93,6,77
17,77,9,67
22,98,8,97
27,96,7,93
15,73,7,76
19,99,8,53
23,64,8,94
9,76,7,79
24,61,10,64
33,64,8,52
17,96,9,93
22,70,8,72
30,92,7,52
14,86,6,77
21,90,6,99
23,68,5,81
23,77,8,94
17,77,7,54
18,96,4,93
15,94,8,94
14,76,7,64
24,71,6,52
24,81,7,77
22,77,5,84
20,72,6,79
23,83,7,57
19,81,6,73
21,86,9,59
18,90,5,52
22,100,7,64
19,89,6,88
26,73,9,68
15,86,7,79
13,69,9,96
19,76,4,72
15,99,5,75
11,83,5,67
18,78,9,85
18,74,7,67
17,86,7,61
19,89,6,55
11,63,5,85
4,80,8,51
28,91,5,73
20,77,6,87
18,78,9,91
15,80,8,80
21,67,7,52
9,76,9,71
22,76,7,83
33,92,7,67
29,80,5,90
23,97,5,55
11,97,7,69
21,96,10,86
21,98,5,66
18,77,6,95
15,62,10,96
16,97,8,60
16,90,8,51
26,88,7,62
22,84,5,95
24,70,7,71
21,70,4,94
29,83,5,99
29,74,5,64
18,91,7,62
24,80,7,69
22,99,5,71
18,73,5,65
17,81,5,53
16,62,8,90
16,60,7,70
27,88,7,56
13,95,5,92
22,69,8,89
16,73,7,65
21,97,8,96
22,93,7,74
20,93,7,60
20,96,9,70
17,93,9,64
9,87,8,56
17,75,8,81
13,95,8,63
15,73,7,51
24,76,7,73
17,83,8,96
20,87,10,75
29,79,5,89
21,70,7,82
23,78,10,50
23,93,8,51
18,95,6,65
11,76,8,91
24,73,7,99
21,88,8,59
18,91,5,60
12,88,4,56
11,89,9,76
21,91,7,55
32,64,9,53
28,78,4,84
26,75,4,81
18,70,5,81
17,68,6,97
20,83,6,94
25,87,8,84
19,77,9,92
30,87,8,53
17,96,10,93
20,88,7,96
29,90,7,94
19,65,10,58
15,75,5,94
15,91,10,78
16,83,9,86
10,90,7,80
13,79,7,63
16,67,9,94
23,92,4,93
17,69,10,56
29,77,9,84
14,68,5,51
29,82,7,84
10,71,6,86
21,94,7,64
28,89,10,97
15,96,5,86
19,77,5,86
25,69,7,56
26,65,10,84
12,92,4,58
27,80,10,71
27,99,7,53
25,99,8,83
22,78,9,63
20,83,5,85
34,77,9,52
18,81,9,73
25,83,7,64
20,69,6,65
22,75,7,88
12,99,7,66
23,94,6,84
10,95,7,64
29,78,4,93
17,67,10,71
17,87,9,71
22,72,5,78
20,62,6,59
8,91,6,98
25,83,7,94
22,89,9,78
26,74,5,89
26,83,10,79
19,79,9,82
23,91,7,75
21,71,7,58
15,93,8,61
18,74,8,65
21,61,6,93
19,99,8,84
19,89,5,60
26,71,6,94
16,90,7,66
28,61,6,86
17,100,5,71
19,74,8,93
24,70,6,54
26,90,7,84
16,92,7,76
21,65,6,83
9,77,7,57
11,88,7,56
23,66,7,82
24,100,7,82
17,94,7,75
13,88,7,53
21,89,9,85
15,77,8,57
15,75,6,83
21,78,8,83
13,77,6,85
13,62,7,99
13,66,6,71
19,91,8,59
20,72,7,56
24,78,5,95
26,70,7,62
20,85,9,61
15,63,9,63
20,92,7,58
20,64,8,53
15,84,7,79
15,78,7,77
24,86,9,60
21,64,7,78
16,79,6,71
18,68,7,69
12,77,8,57
25,77,7,56
31,67,7,92
22,86,9,95
12,88,6,72
22,72,5,80
19,90,7,81
24,77,10,53
24,85,8,89
24,69,7,55
16,81,8,74
23,72,8,51
23,68,6,86
25,95,5,68
19,64,4,87
26,95,4,51
13,65,7,74
26,93,4,69
18,61,9,54
22,81,8,50
17,68,10,57
28,69,6,61
20,70,6,79
20,67,7,98
4,66,8,84
19,74,8,54
15,69,8,73
16,85,6,86
17,93,5,50
9,60,6,93
15,67,4,94
21,85,7,52
29,65,4,92
24,78,9,91
27,78,7,86
18,84,9,68
17,65,8,72
11,95,6,92
23,90,8,76
20,76,9,64
27,76,9,67
19,93,6,56
18,61,7,67
9,90,7,79
25,81,8,79
13,70,10,78
20,73,8,74
33,93,7,96
27,78,10,53
16,75,8,94
23,68,9,55
21,79,7,88
25,64,8,91
13,60,5,67
29,73,7,63
35,91,10,63
25,81,4,60
20,92,4,61
39,67,5,76
21,79,8,80
25,83,7,85
16,73,6,71
20,90,6,65
22,75,9,66
21,71,9,55
21,91,5,72
18,75,8,95
13,64,7,62
29,77,8,65
22,88,10,78
19,69,5,98
20,75,7,67
21,85,6,92
19,80,6,63
20,89,6,74
3,60,5,76
6,73,8,93
16,91,8,91
32,97,5,97
18,64,8,84
17,92,8,75
6,95,7,96
30,94,8,52
18,68,8,96
27,91,9,73
16,75,9,62
33,86,7,61
12,72,6,99
17,66,6,61
27,68,9,66
26,74,6,77
22,72,9,96
30,96,9,53
15,65,7,69
13,77,10,55
16,74,9,79
22,74,6,68
17,60,7,61
12,92,7,90
16,95,8,86
26,96,5,83
17,84,6,71
14,91,7,60
20,66,8,54
14,98,8,91
12,77,6,90
19,95,8,53
19,79,5,99
23,97,6,80
23,83,8,85
18,91,5,52
17,89,4,52
21,100,5,58
22,89,5,97
21,88,8,94
30,63,8,96
22,93,6,67
21,79,8,78
22,82,9,94
28,85,7,74
14,61,5,82
21,65,6,98
23,85,8,60
36,64,5,82
21,98,8,72
23,89,7,56
21,98,7,68
21,88,6,63
35,64,8,51
20,86,8,80
25,77,7,54
31,64,10,97
13,100,6,76
17,65,9,55
12,72,6,60
23,88,7,69
35,90,7,92
15,89,10,98
23,91,10,67
19,75,6,64
22,70,7,53
21,98,6,88
24,62,8,56
16,65,9,68
19,65,8,93
15,97,9,67
24,68,6,67
20,68,7,80
12,77,7,85
23,87,5,59
25,78,6,50
7,99,7,67
23,84,7,80
27,92,5,61
26,69,7,84
20,85,6,58
10,63,9,59
22,94,8,87
17,65,5,55
23,96,7,89
20,97,8,84
18,66,4,86
25,69,7,66
26,97,6,66
26,75,5,70
13,84,8,98
21,72,8,56
23,75,5,98
19,65,6,96
27,95,7,81
25,88,8,63
22,69,6,83
25,70,9,56
10,72,6,83
22,80,7,65
35,72,5,75
25,67,10,98
14,99,6,74
28,81,8,92
23,96,6,93
22,82,8,79
12,94,6,61
29,88,8,97
19,92,6,70
26,82,7,60
13,85,6,72
23,97,7,95
17,96,8,88
20,93,7,79
12,92,6,71
18,67,7,62
26,75,9,56
26,88,6,74
20,72,7,84
26,97,7,83
23,77,6,71
10,62,7,68
20,90,7,97
17,94,7,76
17,92,8,66
23,97,9,84
25,70,4,72
21,90,7,76
30,79,6,77
25,85,5,55
24,97,7,75
30,89,6,89
20,71,8,77
22,84,9,88
18,78,7,71
17,78,8,88
15,89,9,82
16,63,8,79
16,84,6,68
25,83,8,83
29,95,9,64
22,87,8,60
31,92,7,55
22,81,7,77
16,99,6,76
19,100,6,57
27,71,9,51
16,67,9,80
26,81,7,65
17,100,8,98
27,79,6,90
19,84,9,72
32,93,6,98
25,82,9,61
14,74,6,96
23,85,8,67
24,60,7,66
29,92,4,84
39,78,6,73
22,78,5,91
20,97,7,76
22,83,6,80
26,98,9,98
14,61,7,85
22,70,5,61
15,67,8,75
28,70,6,69
26,81,8,60
22,78,5,70
25,84,7,83
18,92,6,73
23,85,6,59
29,72,5,50
19,61,6,67
30,79,7,78
27,92,10,86
11,99,7,52
27,81,7,94
7,84,7,67
19,74,7,86
23,76,6,52
20,99,9,61
18,64,6,67
21,74,8,64
17,75,8,53
25,96,6,69
17,76,7,87
16,88,7,55
26,75,4,79
20,61,7,81
20,60,10,81
11,91,7,69
15,67,5,65
17,66,8,83
26,98,7,68
18,83,4,65
23,94,9,61
14,79,5,60
29,61,7,74
12,84,7,98
20,83,6,97
16,93,8,58
24,93,8,96
15,74,6,80
12,66,7,83
19,100,9,66
8,90,7,79
15,78,9,95
25,68,8,53
20,71,9,68
15,78,8,97
22,63,7,93
15,91,6,64
17,63,10,93
8,78,7,94
19,82,7,94
18,70,8,51
23,76,6,98
22,67,7,79
26,66,7,67
18,98,9,51
22,89,5,58
16,66,9,56
25,99,8,69
17,95,8,85
20,92,5,66
28,63,6,88
16,89,8,54
18,78,9,83
22,99,4,75
25,80,9,57
16,66,6,100
20,79,6,74
28,64,7,83
18,84,6,71
12,90,6,54
12,84,6,74
28,99,8,100
25,99,5,79
26,89,7,66
4,84,6,70
11,84,7,55
20,96,4,90
29,95,4,97
25,79,6,77
19,93,7,66
20,60,8,67
27,86,7,72
27,100,4,97
26,87,6,70
21,76,4,99
20,89,7,84
24,83,6,85
31,62,8,83
25,90,7,64
32,75,7,97
30,61,8,82
19,96,5,95
16,91,5,71
15,80,4,64
28,94,6,65
24,81,8,78
13,64,5,72
25,61,9,65
25,72,8,87
31,69,9,81
14,96,6,66
24,90,9,97
16,79,7,79
25,70,7,51
23,67,7,98
27,99,9,96
25,93,8,93
18,74,6,56
28,65,7,77
17,61,6,82
17,92,8,79
22,74,9,64
20,65,7,62
11,95,9,64
10,86,6,91
15,78,6,63
12,72,6,54
23,89,10,69
31,89,7,57
23,94,8,86
25,96,7,98
24,60,6,73
18,82,7,88
7,80,9,83
14,79,10,93
12,99,6,94
20,63,7,55
14,74,6,73
11,85,10,80
23,64,7,59
20,92,8,89
7,63,5,97
19,65,9,57
24,81,7,63
24,81,6,61
21,94,7,73
15,74,10,99
21,77,7,99
15,87,8,63
14,63,8,81
22,79,6,97
19,81,9,85
20,95,8,99
25,77,7,71
19,87,4,74
14,97,5,54
25,91,7,86
13,78,5,54
28,69,10,82
28,66,4,98
29,76,8,96
20,61,9,54
14,68,6,85
7,96,6,68
16,95,9,63
27,99,7,58
20,98,7,69
20,86,8,60
14,98,10,82
25,76,7,96
19,64,6,99
10,67,4,65
20,87,7,99
12,65,8,57
19,66,5,81
26,66,9,98
6,76,8,63
16,65,5,77
26,87,7,81
13,88,9,59
20,72,9,56
23,80,8,54
28,91,4,78
21,81,8,73
14,69,5,92
13,66,9,51
19,88,7,59
19,69,9,75
26,73,8,77
22,66,4,95
21,69,10,92
22,66,9,74
32,84,10,68
16,80,9,62
17,87,9,53
14,71,8,85
10,98,6,65
26,98,9,73
26,77,7,69
18,91,6,96
21,78,6,60
19,88,5,95
22,67,6,71
25,70,6,71
18,63,9,55
24,71,6,91
18,68,8,91
13,69,4,94
22,75,5,66
30,98,5,50
11,97,8,76
21,86,8,72
4,100,8,71
28,80,5,64
11,72,8,94
30,98,7,96
17,71,8,57
26,91,8,71
29,93,7,84
29,82,5,95
27,80,5,94
17,73,6,58
28,62,9,64
18,90,6,54
27,87,6,91
18,90,8,71
14,97,7,73
15,88,7,85
14,95,6,88
29,80,5,85
21,94,8,90
18,66,9,59
17,92,6,65
14,77,7,99
16,78,10,99
23,88,7,52
14,86,6,57
12,97,7,69
22,88,9,62
18,79,7,55
16,65,8,97
25,76,7,79
12,88,7,86
18,79,5,77
20,67,7,76
15,80,5,90
25,92,9,79
13,77,7,63
26,71,8,99
20,95,7,93
13,75,5,51
12,72,7,90
20,64,9,86
20,98,7,50
16,72,6,66
32,68,10,84
11,83,7,63
26,81,10,71
20,84,10,62
12,99,6,80
30,85,6,96
26,91,10,72
17,80,6,81
19,76,10,70
30,78,10,97
10,94,9,59
11,94,8,92
25,96,9,72
22,65,6,63
20,89,8,67
25,69,7,78
25,91,7,72
16,69,6,55
16,68,10,64
17,68,5,78
23,66,8,63
14,94,5,51
20,70,8,82
9,91,10,59
19,75,7,65
18,93,4,76
21,60,8,99
16,94,7,98
15,78,4,57
17,97,9,96
30,86,6,87
15,76,8,81
26,92,4,54
29,68,4,53
19,98,8,87
14,77,4,81
20,80,10,84
20,74,8,89
5,70,8,55
18,82,5,85
16,80,8,55
16,89,8,58
23,87,8,79
16,85,7,91
17,64,7,73
24,93,5,62
16,79,8,89
24,62,9,70
32,97,5,82
30,72,8,82
11,62,4,68
27,95,5,66
30,80,6,67
15,61,9,52
20,95,7,62
22,98,7,100
17,68,5,66
25,98,7,90
14,98,7,83
22,63,7,80
27,78,8,55
13,85,7,61
19,100,7,89
17,92,7,99
17,71,10,53
29,77,10,91
27,94,5,77
35,77,8,89
23,66,7,93
28,85,9,81
21,69,7,85
32,81,6,59
20,63,9,53
24,90,6,97
3,60,6,78
26,95,9,74
19,91,6,99
9,73,6,96
30,98,7,76
22,83,8,86
21,99,7,57
16,74,6,90
20,75,9,82
23,82,9,69
23,91,9,77
16,95,6,88
23,76,8,98
15,88,4,67
17,68,9,100
22,86,6,60
21,71,8,57
24,93,8,78
21,76,9,96
27,73,7,99
24,73,5,50
23,63,8,94
15,80,5,90
21,65,5,98
17,86,8,74
26,82,9,74
20,84,5,96
19,79,9,60
19,94,8,75
21,95,4,55
21,85,6,77
28,69,6,93
20,75,8,67
15,64,6,76
18,71,6,84
26,73,7,72
20,97,7,94
28,81,10,55
25,63,8,58
23,72,6,89
24,88,6,87
23,66,6,53
17,94,8,85
24,91,7,66
20,95,7,69
7,62,7,90
16,84,6,93
21,85,7,52
30,66,6,53
18,94,9,77
19,81,10,56
21,82,9,58
12,96,8,62
32,83,10,68
8,73,10,54
9,72,10,91
19,80,7,94
20,69,7,76
27,96,7,84
15,64,7,89
15,95,5,67
15,100,8,94
10,82,7,82
23,93,9,94
17,97,7,77
26,77,6,63
21,72,5,57
12,90,6,75
38,90,4,60
15,77,5,58
34,99,8,53
14,94,7,62
20,83,9,77
23,64,7,69
14,68,6,71
24,72,10,76
19,67,6,55
17,95,7,70
16,83,7,63
17,64,8,67
24,86,6,59
12,72,6,72
20,66,8,83
25,91,7,76
21,95,8,57
22,94,6,80
10,98,7,80
19,67,10,50
17,60,6,66
24,80,6,82
21,98,7,95
22,96,7,99
18,79,6,74
18,100,9,76
26,92,5,84
22,83,8,96
12,75,8,75
25,84,8,64
19,79,7,100
15,77,8,94
20,98,7,89
19,69,7,90
24,96,8,96
22,75,7,52
26,80,8,73
19,88,5,68
22,80,10,92
15,95,9,56
15,89,7,58
39,90,8,92
16,64,7,70
19,92,8,67
27,90,9,53
20,81,8,87
27,100,7,67
15,96,7,84
31,84,7,71
21,93,7,83
29,93,7,82
9,96,8,75
19,92,7,55
20,82,6,94
28,80,8,65
26,83,8,83
24,71,7,55
33,67,6,86
19,83,7,56
32,86,6,77
14,97,7,75
27,87,8,77
17,87,6,84
20,94,6,96
6,92,5,77
13,93,8,75
20,89,6,74
12,83,5,85
23,81,8,78
19,97,8,64
9,65,9,67
23,68,8,91
21,71,9,78
16,88,7,51
15,71,7,78
26,67,6,81
23,83,5,74
20,97,7,97
26,87,6,98
12,81,8,53
18,64,9,64
20,62,6,98
23,75,7,64
23,67,9,89
16,100,7,52
16,82,6,83
19,73,9,69
32,87,6,55
21,61,8,83
24,95,8,77
27,92,9,53
13,71,6,51
29,60,8,99
20,83,9,87
23,89,6,87
15,96,7,58
21,94,7,96
23,87,8,76
30,71,10,70
15,97,7,60
9,88,7,91
19,72,6,66
23,74,9,61
22,80,7,63
12,90,7,87
20,89,6,91
23,82,7,65
22,72,7,62
19,91,9,84
16,61,8,54
20,66,4,95
13,85,6,96
22,82,7,71
20,95,8,77
22,60,8,89
22,71,9,56
38,82,6,97
25,76,4,78
16,92,8,63
24,76,6,72
21,67,9,93
20,77,5,98
21,63,6,77
18,99,6,99
27,67,8,89
18,62,7,54
14,88,6,97
15,67,4,74
14,97,5,88
28,73,7,70
23,63,5,96
22,65,7,64
18,82,6,60
14,84,8,70
14,65,9,97
20,71,6,63
12,96,4,95
33,69,7,83
19,84,5,63
34,78,8,68
15,92,7,51
19,81,8,90
22,67,7,86
29,97,9,92
22,63,7,53
18,83,8,100
24,63,6,90
14,69,8,79
16,67,5,56
18,74,6,85
13,77,6,76
30,99,6,57
15,69,8,53
19,79,10,59
29,84,10,56
12,74,8,66
21,62,6,58
24,91,7,76
24,62,7,50
25,88,5,51
25,76,8,59
25,99,8,57
15,88,8,61
11,63,9,51
17,79,8,79
29,62,8,74
21,74,5,52
16,91,9,94
19,76,6,59
15,65,8,53
22,69,7,86
35,84,5,86
26,61,7,64
16,69,5,68
14,82,8,91
18,85,7,69
21,74,8,95
28,81,6,96
10,93,7,52
12,62,9,66
21,67,7,55
19,75,7,88
24,99,7,69
15,95,6,59
14,66,5,93
16,60,8,87
31,63,7,74
27,80,6,65
23,91,6,57
21,70,8,73
20,71,7,88
19,95,9,97
21,71,7,51
24,85,7,54
13,68,6,79
19,88,8,57
18,90,7,81
22,61,7,98
18,78,8,77
17,81,4,100
27,64,9,68
28,80,6,96
6,90,9,66
24,67,9,86
27,91,5,75
15,88,6,61
22,74,6,56
26,80,8,93
26,79,6,88
33,86,7,80
24,68,10,73
14,79,6,70
24,62,5,90
10,66,4,74
13,67,6,88
20,80,7,58
24,68,7,96
10,71,7,55
11,61,9,98
30,100,6,75
10,87,6,83
23,78,6,93
19,62,6,79
24,68,7,51
18,96,7,57
24,92,8,78
27,98,6,93
4,83,7,99
17,95,5,54
14,91,5,98
20,89,7,95
23,62,4,94
28,92,5,96
23,83,4,89
20,63,7,72
24,76,7,82
23,93,9,53
27,70,7,80
16,79,8,91
24,86,8,79
31,82,7,63
18,77,6,61
14,83,7,95
26,67,5,94
19,92,6,88
24,60,5,69
13,72,6,93
12,98,8,51
22,61,5,63
21,89,9,99
23,90,10,90
9,98,6,92
23,90,7,62
15,86,9,68
25,89,6,59
29,63,8,94
21,66,7,68
17,62,7,66
25,68,6,62
20,92,4,82
16,77,7,93
25,86,9,97
34,87,6,69
20,94,7,66
22,62,8,64
29,81,7,68
24,68,6,84
21,96,8,64
7,84,5,96
19,66,9,99
8,71,5,77
20,65,6,97
25,87,8,83
21,95,7,81
7,82,6,99
11,86,4,84
14,65,5,59
29,78,5,99
24,75,5,98
29,93,7,74
23,68,8,68
9,98,9,55
11,94,5,67
19,63,7,94
10,63,4,80
13,64,7,50
18,63,6,94
16,76,6,63
26,74,5,86
17,97,6,87
19,96,7,57
20,77,9,61
26,64,7,56
24,96,10,70
16,84,7,65
20,84,6,85
19,73,9,86
34,68,7,67
28,74,4,62
22,90,7,66
26,84,8,56
23,65,6,81
30,87,8,58
23,98,9,88
23,72,8,64
24,76,9,92
15,96,8,73
23,63,9,93
24,70,5,62
30,87,9,61
18,64,6,76
19,61,6,52
19,75,5,61
19,93,7,83
31,80,6,71
17,74,8,98
28,98,7,59
14,100,7,75
22,99,9,95
20,78,8,61
16,73,7,96
28,98,7,86
21,99,6,65
30,75,9,95
23,96,10,80
17,91,7,62
25,77,4,64
16,62,7,88
26,61,9,95
18,72,8,69
17,82,6,65
22,98,5,79
19,93,6,81
14,63,8,64
30,88,6,90
12,88,8,65
14,81,7,64
5,69,8,77
25,86,6,65
25,91,8,96
19,71,5,96
20,99,7,64
15,95,9,62
12,74,6,98
14,84,6,96
29,88,7,96
20,76,6,94
24,93,8,70
14,81,9,78
22,70,6,58
17,97,5,56
22,63,5,53
11,64,8,66
21,74,6,61
17,92,6,93
14,67,10,53
20,65,6,100
30,67,6,80
21,78,10,55
27,69,8,51
38,98,6,94
22,73,4,76
23,98,6,80
14,83,7,84
20,62,8,79
22,98,6,64
14,67,5,86
9,93,7,66
9,76,6,78
12,70,5,53
21,81,7,65
32,90,5,98
16,66,9,84
14,61,7,93
30,75,4,79
29,71,7,92
22,91,8,64
23,82,8,94
27,88,7,72
29,91,7,87
33,68,5,88
26,80,7,94
27,64,5,70
23,73,6,63
19,68,7,51
23,73,9,75
24,88,9,71
24,65,7,64
20,72,8,60
14,60,7,89
20,94,8,89
14,88,7,66
16,99,6,100
21,95,9,75
1,81,8,66
27,72,7,79
21,83,6,81
22,77,7,85
20,85,9,83
23,75,8,87
11,83,5,63
15,65,5,93
18,85,7,56
21,80,6,78
24,69,6,96
25,86,6,59
29,96,8,85
26,64,7,92
34,96,5,94
20,90,6,69
7,86,9,88
14,77,4,51
21,78,4,78
20,63,7,75
28,65,8,78
24,94,7,70
22,61,6,84
21,95,10,84
27,86,7,82
18,66,7,89
21,69,7,52
18,81,6,95
28,81,6,65
15,61,5,59
25,99,5,67
36,90,5,68
20,71,7,65
21,64,9,82
17,76,6,73
14,73,9,82
22,83,6,94
16,66,6,93
13,60,9,77
26,87,5,70
10,74,10,99
12,63,9,70
17,94,8,65
26,94,5,53
8,77,7,90
28,61,6,82
9,82,8,72
19,85,7,92
17,74,9,64
27,98,6,93
29,86,7,52
10,85,5,92
18,69,9,60
24,74,8,63
24,75,7,57
33,67,6,93
22,74,4,77
11,84,7,85
17,92,9,90
19,62,9,83
16,68,10,77
15,64,9,55
24,60,10,60
30,97,6,72
27,63,7,80
20,94,6,70
15,83,7,97
26,72,7,72
27,93,6,66
11,64,8,75
18,82,8,50
24,69,7,69
23,87,6,57
15,95,8,90
21,97,8,71
27,96,9,71
23,78,9,65
12,71,7,78
23,92,10,71
18,62,6,91
23,64,8,91
7,99,9,94
27,100,7,78
16,83,9,95
16,61,7,81
19,63,6,78
29,76,9,72
20,89,4,58
27,81,7,97
18,94,8,51
26,75,8,97
13,76,5,99
21,87,6,66
20,82,8,60
25,77,8,65
14,78,6,55
19,62,7,82
14,89,5,67
20,77,8,56
17,64,7,78
16,64,8,70
27,93,6,59
24,62,7,53
17,82,6,88
23,91,6,89
12,80,10,92
28,99,6,61
23,76,7,61
18,95,7,96
15,65,8,52
15,72,8,68
18,69,8,65
28,69,7,88
12,85,7,88
19,78,6,58
18,64,9,89
19,98,7,62
25,85,9,68
16,76,7,90
27,84,8,98
18,77,7,62
21,94,8,85
17,84,7,98
11,87,8,53
23,79,5,81
25,81,9,87
9,84,6,74
15,81,7,90
21,88,4,80
23,74,8,88
17,78,8,98
12,71,8,65
23,80,6,63
12,93,9,74
26,61,8,69
14,77,6,75
18,89,5,53
25,74,8,77
21,84,7,98
27,72,4,68
27,95,7,52
24,86,6,68
22,79,6,97
23,76,7,93
27,86,8,67
14,81,4,85
14,81,7,73
24,90,7,83
11,99,7,89
24,74,6,78
17,73,4,59
22,99,6,92
21,85,8,80
29,83,8,64
23,99,8,61
14,67,4,71
23,98,7,54
24,90,9,52
14,92,9,56
21,85,6,74
20,94,6,99
26,70,6,81
16,78,7,85
19,64,8,59
23,93,7,93
17,98,6,87
3,96,10,62
32,86,5,68
17,86,7,59
24,67,10,53
16,78,8,57
15,86,9,97
10,89,7,88
21,72,9,80
24,66,9,82
20,71,9,66
25,70,9,71
19,90,7,59
21,79,8,99
21,98,6,55
23,90,6,73
22,87,7,68
24,67,8,84
21,87,7,65
23,64,4,71
21,82,5,95
14,68,8,53
20,80,6,53
17,87,6,74
19,85,9,74
16,86,6,98
21,79,4,92
27,83,5,60
34,63,10,60
21,82,7,95
25,95,8,96
24,83,4,66
10,89,8,69
10,62,6,87
28,62,10,88
22,68,8,96
14,78,8,85
20,98,9,52
22,61,5,69
10,81,8,99
21,73,9,60
23,76,7,82
22,60,7,83
14,73,5,96
20,71,8,70
8,72,9,93
24,99,5,99
16,67,8,98
20,90,7,58
25,99,6,97
33,60,8,85
20,73,6,70
26,63,7,79
30,98,9,93
20,86,7,73
19,93,7,84
25,69,5,68
21,76,8,83
22,65,7,97
13,60,7,70
16,99,7,77
14,75,10,88
31,62,8,91
22,91,7,66
7,77,9,76
25,73,7,91
14,82,8,83
27,80,8,90
18,65,8,63
15,64,6,92
19,87,6,50
19,95,10,58
22,69,5,79
17,87,7,68
22,92,6,94
8,82,5,86
28,93,7,79
23,83,7,67
10,77,7,84
23,96,8,62
11,82,8,81
25,64,6,82
30,87,10,75
21,67,7,76
24,72,9,53
30,78,8,84
20,64,6,73
25,85,8,50
18,97,9,88
24,96,7,96
36,88,8,99
35,94,7,63
18,73,7,94
19,83,8,54
38,63,8,52
14,71,4,77
22,70,7,84
18,91,7,73
12,95,8,61
16,90,4,58
27,69,10,80
27,68,7,95
35,65,7,84
21,84,6,52
9,80,4,52
33,62,10,78
19,91,9,67
13,62,6,86
12,81,10,97
19,80,8,99
20,87,5,84
19,99,6,84
17,69,7,95
31,73,8,57
21,89,4,57
30,93,7,53
15,98,7,61
12,83,5,64
25,70,5,73
18,88,9,72
16,67,7,89
17,89,9,79
13,68,8,66
22,77,7,70
30,81,8,72
22,92,7,55
30,100,7,53
15,61,6,54
17,94,4,57
19,95,7,74
19,84,7,75
24,78,10,61
20,82,8,66
16,74,8,56
20,77,6,59
31,96,4,59
22,93,9,79
17,77,10,93
24,84,7,61
12,73,7,82
23,80,7,66
22,73,9,72
22,87,7,75
15,66,7,53
25,86,7,81
25,72,8,62
18,65,5,96
24,88,7,88
30,98,10,61
10,61,7,85
23,71,7,56
23,88,8,84
21,86,9,86
26,99,10,74
19,80,6,69
23,77,8,73
17,91,6,66
12,94,9,89
19,84,9,97
18,87,6,92
17,72,7,83
26,70,5,58
22,70,7,81
16,95,10,86
27,63,7,80
22,93,6,69
11,61,7,81
26,77,7,71
20,68,7,99
10,70,9,99
12,83,6,79
26,86,5,67
18,83,6,64
24,77,10,73
22,61,7,80
2,84,8,54
9,81,7,99
23,83,7,51
14,69,6,89
18,80,8,55
25,66,8,65
18,95,8,96
23,82,8,54
23,78,5,83
26,89,7,92
27,65,8,57
19,85,4,71
20,82,4,68
21,65,7,91
19,71,7,66
29,80,6,71
22,85,4,79
28,76,6,75
17,71,6,62
20,95,7,100
15,91,4,50
29,99,8,98
20,80,7,59
18,84,5,85
17,86,7,98
23,69,8,66
4,88,6,87
12,85,7,54
25,76,6,88
18,75,7,86
20,60,4,80
22,80,9,79
18,77,7,55
24,91,6,59
19,61,9,67
14,84,6,70
32,87,9,100
16,67,9,74
25,67,9,82
26,89,10,61
12,61,7,81
26,72,8,85
26,76,8,67
24,98,7,91
24,61,5,53
17,88,10,50
22,76,8,59
15,88,8,57
9,70,5,81
24,73,9,71
23,100,4,59
15,91,10,61
18,93,8,93
20,84,10,99
24,77,8,96
18,94,4,71
25,99,10,70
22,73,7,70
21,84,7,97
14,90,8,57
16,70,8,50
17,61,7,74
19,67,7,59
23,60,7,72
15,85,8,58
26,93,6,78
24,89,7,83
20,74,6,67
13,95,7,69
17,80,8,88
19,65,9,58
15,83,7,57
21,90,6,99
21,76,7,64
19,98,5,76
13,77,4,83
18,72,8,73
20,99,7,97
15,94,6,77
13,98,8,67
24,68,4,98
25,65,6,50
21,96,6,78
11,81,5,76
8,100,8,92
21,90,7,70
25,73,8,53
23,73,6,50
16,62,7,89
35,93,6,94
27,87,6,56
25,88,8,62
22,77,8,68
22,95,8,95
20,98,9,71
24,68,9,92
11,78,8,65
23,66,7,80
15,65,8,72
11,88,7,61
23,70,9,93
30,85,7,65
15,99,7,50
11,76,5,92
19,64,7,56
16,77,8,54
13,72,7,66
23,87,8,68
25,93,5,53
23,84,8,93
12,83,8,61
25,76,9,53
21,79,4,64
14,73,8,58
18,63,8,82
9,69,7,82
23,64,9,72
20,69,8,99
24,75,6,65
15,86,8,97
37,96,7,63
30,88,9,96
19,97,6,66
5,84,7,53
23,84,6,74
13,79,9,53
15,61,8,59
19,87,10,60
26,71,4,83
14,97,5,62
21,68,5,66
12,72,8,84
24,81,6,67
20,73,4,60
22,77,10,79
19,70,7,95
13,97,8,65
24,99,8,52
26,62,8,75
35,85,6,73
15,75,8,85
30,63,10,76
26,72,10,54
16,99,5,99
23,67,6,94
12,84,6,71
34,61,6,67
10,75,4,90
18,68,7,87
15,68,5,95
29,81,9,51
23,96,8,99
25,84,10,57
16,98,6,88
20,62,5,94
9,66,9,100
13,97,8,70
15,66,6,80
20,79,8,55
18,65,6,63
10,73,9,58
10,96,6,80
16,100,10,56
20,94,7,69
27,91,4,53
14,65,7,63
17,78,6,88
12,92,7,78
28,81,7,90
14,90,5,84
23,79,7,98
22,67,10,55
27,90,9,52
4,61,7,71
11,95,7,78
22,88,7,72
14,61,7,71
22,74,6,73
25,76,5,89
22,90,7,62
20,90,5,56
16,68,4,92
18,72,7,58
17,80,9,57
24,80,7,96
17,61,7,55
23,92,6,61
8,68,7,96
22,94,7,75
23,93,6,57
23,98,7,55
11,91,5,53
20,79,5,74
28,84,8,51
15,96,7,54
14,77,5,89
13,94,7,56
25,97,6,59
31,63,5,73
19,94,7,62
16,81,6,57
16,67,4,87
21,74,6,66
17,87,7,96
18,66,6,86
23,93,6,97
5,65,7,71
34,65,6,62
18,78,6,73
21,86,5,51
14,65,7,81
27,69,7,89
31,85,9,71
20,71,6,93
14,76,8,59
11,63,7,55
12,81,6,85
21,88,6,58
29,95,9,88
21,68,6,50
5,93,7,81
29,89,8,89
16,97,8,81
27,67,9,94
23,87,8,91
27,96,9,87
22,79,7,71
16,94,6,66
23,79,8,82
22,92,5,95
24,94,9,86
12,69,7,70
7,72,4,94
15,61,9,82
9,94,6,66
28,82,5,95
19,79,9,85
13,66,7,66
16,63,6,73
15,61,10,93
8,97,8,58
17,90,8,56
22,84,8,90
8,99,6,73
19,70,9,86
29,95,9,70
17,61,7,87
29,97,8,58
18,78,7,67
21,73,6,99
4,73,5,97
16,66,8,50
23,97,8,57
10,100,5,93
26,97,5,79
16,82,8,70
19,64,8,94
24,68,8,56
29,74,6,91
18,87,8,79
33,88,9,84
4,100,8,60
36,70,10,87
21,89,9,74
25,75,6,63
26,71,8,99
24,77,7,57
20,76,7,52
15,90,5,70
12,75,8,54
26,78,5,67
23,97,7,73
23,77,8,54
8,71,8,75
18,86,8,53
17,87,9,83
27,99,5,69
20,74,9,60
15,73,7,63
13,86,7,58
23,86,7,54
17,87,6,99
13,99,10,77
27,71,10,68
15,81,8,52
18,81,4,84
15,84,10,82
11,94,9,66
29,100,8,89
14,62,8,87
21,77,8,88
17,61,9,69
17,63,8,59
18,91,8,86
28,72,8,63
16,94,8,58
22,70,8,75
15,65,6,55
18,64,9,97
25,99,9,74
12,63,8,56
23,99,6,50
20,77,7,95
28,76,9,91
8,99,6,83
15,90,6,97
22,62,9,69
27,81,9,77
19,90,5,85
19,95,9,68
18,72,7,80
16,63,9,92
13,80,9,88
16,92,4,90
24,98,8,66
13,64,6,57
19,89,8,71
34,63,9,83
12,67,8,65
14,90,6,50
26,76,6,52
20,62,6,85
13,71,8,65
13,83,7,81
13,90,8,81
25,69,7,52
17,70,6,79
14,72,8,75
23,70,8,75
21,90,8,74
22,71,8,60
13,65,5,87
25,88,7,70
20,75,7,71
25,76,6,61
23,87,6,59
14,81,6,61
19,94,7,97
21,95,7,98
25,99,6,58
23,95,7,57
26,67,7,51
14,72,7,89
12,84,7,50
18,60,5,69
18,81,10,55
21,89,7,76
20,98,7,83
20,63,8,83
12,76,9,50
17,68,8,75
11,85,10,57
22,71,8,58
21,76,9,72
20,98,6,80
14,73,5,87
19,90,7,81
21,77,5,94
16,86,8,99
13,100,4,54
32,64,6,97
8,73,7,60
22,65,7,82
27,94,7,70
27,64,7,77
11,80,6,96
25,81,9,81
17,81,8,86
21,87,8,84
12,82,9,79
22,82,10,83
14,77,7,54
27,94,7,89
20,72,8,90
30,98,8,83
28,76,9,60
15,99,5,71
28,72,8,85
14,64,8,62
19,97,8,73
21,90,8,62
29,70,7,72
24,82,9,77
24,89,5,68
23,77,5,68
25,95,6,76
30,77,7,74
16,93,7,71
16,80,7,63
12,70,9,53
12,74,7,73
28,84,6,92
15,69,8,92
18,80,8,77
17,82,8,98
16,67,9,99
22,72,8,67
10,94,5,73
22,92,6,99
25,92,5,85
16,73,7,81
24,90,7,93
27,83,5,91
24,72,5,73
23,86,7,67
20,75,7,97
18,91,8,82
24,95,7,71
15,64,9,65
33,62,7,74
21,75,7,82
21,99,7,91
21,65,9,56
21,62,5,84
19,92,7,70
15,84,6,55
15,84,7,89
24,93,8,56
25,79,7,52
20,96,5,92
23,60,8,69
19,89,4,66
20,65,6,88
18,89,7,52
28,69,8,66
17,100,8,63
11,95,5,95
26,71,5,77
19,96,7,54
7,84,7,100
5,88,7,59
20,75,6,59
23,74,8,66
21,62,7,51
26,63,7,55
23,89,7,81
19,76,5,66
21,85,7,93
22,96,10,90
21,94,8,88
13,99,7,54
11,63,10,100
20,88,7,68
18,67,7,87
28,79,4,82
17,96,8,77
23,63,7,100
14,98,7,76
26,62,8,52
29,73,7,68
17,83,8,69
31,69,6,80
27,90,7,86
17,96,6,54
14,87,6,76
20,63,8,76
20,66,8,59
24,89,4,99
17,65,6,85
23,62,9,54
24,70,8,74
19,70,7,63
18,68,8,76
21,99,8,85
26,97,8,85
24,80,9,85
16,92,9,71
19,89,6,65
17,97,8,84
23,76,5,85
18,86,6,75
19,78,7,89
16,61,6,85
12,87,7,62
16,80,9,73
14,61,7,54
18,89,4,73
23,86,8,71
21,61,9,81
7,70,6,51
17,76,4,58
19,66,6,72
29,60,7,63
25,97,5,82
28,89,6,75
21,77,7,100
15,89,8,96
16,82,7,85
10,60,7,72
29,98,9,60
18,91,7,94
15,98,6,70
11,75,8,89
20,99,9,68
23,75,8,80
19,87,8,86
21,96,6,71
27,82,6,51
21,62,7,58
14,94,6,60
20,65,6,74
21,88,6,91
27,75,7,51
22,83,8,83
37,94,8,52
17,91,8,85
21,90,7,55
28,87,4,62
24,77,6,65
24,95,6,92
13,72,8,52
17,99,8,76
30,84,6,95
22,82,9,93
26,82,7,86
15,99,8,94
3,79,7,64
6,88,7,73
30,79,6,65
21,78,4,72
32,79,5,61
23,91,7,97
19,83,8,77
10,76,7,80
24,92,5,81
26,76,8,88
15,66,6,90
26,67,8,56
24,72,7,82
16,74,6,68
10,76,6,76
17,84,7,78
16,79,6,95
21,83,8,92
13,70,7,100
27,68,8,80
23,65,6,67
25,87,8,90
18,81,8,71
18,78,7,54
19,87,4,89
20,74,7,59
20,74,9,91
12,87,7,53
17,64,8,80
18,81,6,86
13,82,7,82
18,65,6,88
15,82,6,54
24,65,7,52
14,67,9,68
13,79,5,68
26,83,7,89
18,89,8,88
29,93,9,54
15,92,7,72
13,62,6,90
17,81,6,82
20,87,8,56
28,68,7,63
18,83,9,62
17,65,5,62
21,72,7,78
19,99,5,54
18,80,8,75
19,99,7,79
27,67,10,71
22,96,10,84
11,91,6,100
17,71,6,58
18,84,7,65
23,79,8,59
21,92,8,51
27,90,8,67
7,92,4,51
11,75,7,92
25,89,5,51
19,95,8,99
14,69,5,91
14,68,6,65
24,86,8,98
9,94,6,81
18,89,8,76
18,82,6,67
14,65,5,72
31,88,6,62
11,72,6,94
16,69,10,82
19,82,6,74
12,82,10,91
24,93,8,90
21,63,7,100
13,91,9,71
24,77,6,52
15,82,10,75
16,82,8,73
17,69,9,83
24,78,7,53
19,86,6,81
28,97,9,93
19,78,9,78
20,70,7,91
18,82,6,89
25,75,8,96
22,61,10,76
24,70,10,69
14,100,4,100
19,72,8,91
9,86,8,65
29,74,6,56
13,84,5,78
18,89,5,72
29,89,8,98
11,91,7,94
25,63,7,69
19,88,8,89
10,98,7,98
21,74,6,94
7,69,8,54
15,65,9,65
10,68,6,96
27,88,6,55
23,61,9,58
10,62,7,51
5,65,7,98
16,71,6,52
19,97,10,51
14,60,7,91
23,79,7,54
20,98,7,96
22,63,8,97
14,94,7,85
31,91,7,94
20,99,6,91
29,100,7,87
19,73,6,64
28,89,8,82
18,64,8,90
15,65,7,56
15,80,7,57
11,82,6,61
18,75,7,59
23,88,7,94
24,70,8,59
18,70,8,86
25,94,6,53
20,62,10,85
15,64,8,82
16,66,5,84
24,99,8,53
21,97,7,99
23,88,6,58
28,72,5,78
25,83,6,97
16,66,7,53
20,80,5,94
20,86,8,89
15,93,5,86
25,96,7,98
14,71,6,61
22,98,10,73
33,70,6,82
24,71,9,90
26,71,7,65
27,93,9,78
25,98,7,91
15,64,8,93
18,75,7,50
21,80,7,60
22,96,7,70
20,84,7,74
20,62,4,98
30,88,6,62
30,68,6,61
9,87,6,82
17,67,9,62
19,96,6,78
18,90,7,52
18,79,9,51
22,92,7,52
16,70,4,85
30,85,4,83
24,98,6,97
19,85,7,98
23,80,5,57
21,81,7,86
20,100,8,64
9,79,7,90
19,67,8,55
26,88,5,79
12,100,4,68
24,71,7,81
20,98,9,95
34,62,8,89
26,69,5,83
15,89,8,74
35,63,6,90
21,70,6,61
21,66,5,70
15,95,7,99
22,73,5,79
22,97,8,59
14,76,6,74
31,77,5,84
25,95,8,57
22,93,6,52
19,67,8,92
23,78,8,66
9,76,7,79
18,67,5,52
19,64,9,56
17,93,8,87
15,66,9,63
16,88,7,75
23,69,7,62
15,79,7,66
17,77,8,69
18,70,7,86
17,76,8,95
16,68,8,77
29,96,8,94
23,94,9,75
23,84,7,61
27,85,6,63
8,94,8,89
18,76,5,95
18,94,6,71
7,89,6,53
23,93,9,69
15,98,8,61
21,98,4,57
17,67,5,54
2,67,6,73
22,71,7,94
15,69,7,89
12,82,6,65
17,82,6,51
11,95,6,81
10,95,7,74
21,99,4,67
25,85,7,76
18,74,8,75
17,84,7,89
14,74,5,63
20,74,8,85
17,85,6,69
16,70,6,79
14,90,8,86
29,91,9,80
12,89,8,91
20,92,7,53
18,91,5,76
17,85,7,69
19,85,7,78
24,90,7,58
17,80,8,59
27,89,5,62
13,68,8,95
23,97,9,94
20,77,6,55
18,67,7,68
16,70,7,95
27,78,7,61
8,84,7,80
9,81,9,73
32,83,6,92
11,61,7,90
24,89,6,94
26,63,8,63
19,64,9,81
21,95,8,69
20,73,8,99
14,99,7,89
30,76,7,86
8,73,6,65
20,88,5,56
10,77,10,64
31,96,9,65
21,67,9,95
26,93,6,94
21,83,6,95
21,87,5,78
26,91,7,79
24,84,7,65
17,96,8,97
26,100,6,79
27,62,6,79
20,70,9,69
24,96,6,93
14,80,7,88
15,98,9,72
18,76,6,79
22,84,6,92
23,80,9,74
17,64,7,68
24,94,6,75
16,83,7,56
21,90,10,95
27,60,6,53
22,86,5,67
24,88,8,74
21,66,7,63
10,98,10,66
24,77,8,87
18,78,6,61
27,84,8,68
31,83,6,70
17,67,8,82
32,83,9,74
24,77,9,99
19,86,8,78
25,81,8,59
21,79,8,87
16,95,6,83
18,61,6,56
17,75,7,69
17,77,5,53
15,98,8,71
24,68,5,91
20,90,6,85
26,60,6,54
27,96,6,71
31,68,9,59
37,69,9,87
18,69,10,85
17,100,5,53
16,86,5,94
18,76,6,83
9,89,10,68
10,64,7,64
12,82,6,96
26,64,5,64
22,69,7,86
21,96,4,78
26,80,4,86
24,62,6,91
14,74,7,76
24,60,9,83
23,72,7,84
23,98,8,71
24,67,6,90
20,68,7,85
18,82,5,67
17,78,7,70
22,72,9,65
10,77,5,93
33,66,8,77
27,99,6,57
26,98,4,81
27,82,5,62
21,81,7,94
12,65,4,66
34,97,8,60
21,77,5,96
23,85,8,51
21,69,7,63
20,61,8,78
16,61,4,51
23,63,9,84
17,99,6,59
18,66,6,93
15,89,6,55
21,82,10,60
21,95,9,70
20,78,5,73
20,97,8,56
21,79,7,99
29,69,6,96
23,76,6,85
18,64,6,83
12,67,9,57
14,76,7,77
14,88,8,77
25,87,7,86
25,70,9,94
18,80,6,65
26,73,7,96
25,65,6,64
22,83,5,70
12,64,9,51
20,66,9,72
28,63,8,88
22,60,7,99
10,91,10,51
18,70,6,79
30,91,7,78
30,87,6,66
20,66,6,91
20,67,9,96
22,79,7,75
19,77,6,77
8,67,7,92
19,65,9,69
14,87,8,74
11,61,6,55
26,62,7,72
23,91,5,53
12,68,6,68
17,81,9,68
13,79,6,58
23,62,8,91
23,78,7,89
30,67,6,52
23,77,7,79
12,80,7,59
20,90,4,56
29,86,7,61
18,76,5,56
16,93,7,52
9,95,7,97
18,86,6,69
16,60,8,66
21,90,7,55
20,65,7,58
21,85,4,51
26,81,8,87
24,92,5,86
28,94,7,80
23,80,9,79
15,89,6,71
24,74,7,65
16,78,4,78
20,86,6,96
19,76,9,78
23,98,6,76
15,95,9,58
13,82,6,60
14,68,5,87
19,61,6,62
32,98,5,89
22,89,6,76
34,61,9,63
17,76,6,70
18,62,6,89
20,98,7,90
17,81,7,80
29,92,4,91
7,63,10,90
28,73,7,93
26,64,6,62
20,79,7,83
23,90,7,66
22,75,6,56
22,97,7,79
12,64,6,74
13,69,8,70
28,66,5,67
20,76,5,95
5,97,7,87
19,67,7,93
19,72,5,52
30,96,4,74
26,90,8,91
20,93,8,69
22,80,8,67
18,96,7,67
19,88,8,94
24,85,9,89
12,82,10,77
24,89,9,53
14,80,6,61
30,69,7,66
14,83,8,88
27,68,4,56
20,95,4,89
29,90,7,76
7,69,9,82
24,82,7,56
22,86,5,57
16,91,6,72
16,66,6,63
23,74,6,76
13,98,5,89
24,92,8,57
26,63,5,81
8,82,4,59
18,98,7,80
27,66,6,95
16,86,7,78
23,80,7,72
28,68,8,99
18,90,9,69
27,60,8,68
10,93,7,90
14,92,6,61
25,99,7,88
13,94,7,70
21,91,6,100
9,82,6,86
16,64,9,88
16,94,9,79
13,98,6,56
21,92,4,85
14,85,8,54
18,93,8,96
22,61,8,88
19,70,5,89
17,79,6,75
20,75,7,78
32,94,9,53
16,82,5,59
19,71,10,81
18,97,5,79
17,88,8,94
33,74,8,64
21,74,6,77
9,67,8,54
18,95,6,54
24,61,8,54
13,71,7,98
25,83,8,88
14,61,10,71
21,78,8,91
23,62,5,87
26,86,7,95
20,89,8,51
21,62,7,94
22,100,7,95
11,90,8,59
12,83,7,86
18,84,8,92
24,63,9,92
15,84,9,67
17,97,8,89
13,84,7,98
23,72,6,84
12,65,6,86
15,79,8,62
25,80,7,53
24,89,5,87
17,98,5,75
11,79,7,81
16,96,4,77
29,94,7,95
22,72,7,88
29,73,7,76
18,100,6,88
22,84,4,56
21,72,7,60
19,66,8,74
21,91,9,74
24,95,9,90
26,61,5,87
14,77,8,55
22,74,8,79
7,98,7,54
14,84,6,51
11,92,6,84
26,80,6,66
12,96,5,84
28,79,9,94
31,70,4,63
7,74,10,69
28,82,8,82
17,80,5,92
21,89,7,90
12,75,6,98
15,85,4,61
28,96,4,98
14,62,5,64
11,83,6,55
26,86,7,65
19,82,8,82
29,78,7,96
22,97,7,98
15,87,10,91
11,87,7,92
20,88,5,85
7,91,7,94
23,62,6,92
21,78,6,91
17,88,10,75
24,92,5,69
24,89,8,61
23,64,5,59
15,96,5,70
19,89,7,52
19,78,8,59
27,89,7,99
8,61,7,78
12,72,8,56
21,76,5,78
23,91,8,58
15,61,7,98
8,97,10,70
25,74,5,67
22,93,4,96
34,91,7,95
22,62,8,60
28,77,6,85
26,80,6,81
27,78,5,76
25,88,8,52
19,96,8,97
18,66,9,87
12,81,7,64
24,75,5,68
27,97,8,72
13,95,4,83
21,65,8,67
19,74,6,57
18,94,7,69
18,90,8,84
18,63,7,84
20,90,9,79
22,88,5,87
26,74,8,57
14,99,6,86
22,75,6,54
18,98,8,82
20,60,6,70
5,83,7,61
12,85,8,58
22,63,7,99
17,96,7,84
20,90,8,82
16,80,8,98
15,78,8,100
22,65,7,95
27,94,7,57
24,98,8,61
23,67,4,50
15,69,6,75
27,79,5,58
19,89,10,94
25,73,7,56
13,83,7,89
17,83,7,70
27,62,5,75
23,66,7,76
17,71,6,99
19,91,8,60
20,68,9,65
18,88,8,96
28,81,8,73
32,82,8,88
23,70,7,73
14,67,7,82
33,71,9,60
11,78,8,63
20,60,7,82
9,70,9,78
20,97,9,83
23,99,7,68
9,78,6,87
20,77,7,58
19,93,7,95
12,64,5,67
25,72,8,94
19,75,10,79
11,68,8,85
24,76,10,55
20,75,8,63
10,75,9,81
13,68,7,60
16,86,7,89
22,62,7,87
8,72,5,72
17,72,5,96
17,67,5,83
18,64,5,76
19,73,9,94
19,92,6,65
16,82,8,65
10,92,6,59
19,90,5,90
13,61,8,89
16,63,9,70
14,82,4,67
18,64,6,80
27,78,6,98
27,68,8,79
19,69,7,84
30,61,10,64
20,83,7,75
25,82,7,81
17,66,6,54
17,71,8,80
22,86,4,82
27,88,7,67
16,80,9,58
17,73,9,68
13,70,6,53
19,83,8,90
14,68,8,99
28,64,6,84
14,63,7,79
16,93,8,51
27,92,8,94
30,63,8,97
17,96,7,57
13,74,5,88
18,99,8,56
22,81,9,71
20,94,8,91
27,76,6,69
19,68,10,97
15,63,8,55
29,94,4,95
7,86,7,68
9,73,7,95
15,94,8,52
18,67,9,68
20,93,6,95
19,62,8,60
22,60,5,52
21,73,5,56
15,71,7,100
23,71,7,69
23,100,10,73
18,97,8,66
26,77,5,90
22,76,8,92
17,82,9,63
17,68,7,94
17,73,6,97
17,65,6,61
23,81,6,59
19,81,9,53
15,85,4,72
18,64,7,97
15,88,8,55
18,94,8,77
12,90,8,67
7,92,8,64
17,78,9,65
17,97,8,89
32,87,4,91
16,88,5,94
21,80,5,61
13,69,7,53
21,89,7,76
25,91,7,73
26,89,7,100
17,71,8,90
24,98,5,55
21,77,6,60
19,84,8,87
26,92,8,64
15,67,6,74
16,93,8,55
17,86,4,60
16,99,9,57
19,77,9,57
25,78,7,86
21,89,6,97
18,94,7,51
16,75,10,53
22,74,10,51
26,94,9,89
23,88,6,82
14,87,7,55
14,60,10,65
17,62,6,99
30,62,7,97
19,77,8,88
17,64,7,80
11,63,9,56
20,72,8,93
25,75,7,66
19,63,6,98
23,94,8,62
19,69,7,82
27,98,7,56
15,89,6,56
16,93,7,60
26,88,6,79
25,72,8,58
25,60,8,98
23,74,8,95
18,98,7,90
12,80,5,72
25,72,6,59
19,84,8,56
17,88,7,94
20,62,9,95
18,100,8,66
17,89,8,62
9,89,6,96
26,61,8,70
8,64,7,66
15,68,6,94
15,86,7,60
24,93,7,76
19,82,8,95
29,68,4,89
17,89,7,74
21,80,7,73
16,99,5,83
26,100,7,74
24,82,5,66
14,97,6,66
22,79,10,57
22,77,7,74
22,90,8,75
18,96,8,57
12,65,6,64
27,71,6,75
13,90,4,99
17,84,8,60
7,75,7,98
15,61,6,86
16,60,8,67
14,95,7,57
31,91,6,82
20,69,6,73
23,87,8,88
20,97,5,63
18,71,7,72
26,71,6,51
10,73,8,93
23,89,7,58
16,61,8,64
26,84,7,64
27,83,8,66
29,67,8,83
18,77,6,66
17,83,6,98
14,89,6,94
24,70,6,63
17,67,7,62
24,67,9,55
13,91,10,66
30,73,7,68
22,63,8,97
15,85,7,61
14,77,8,96
17,76,7,81
13,93,7,72
23,85,8,77
23,71,8,71
22,67,6,67
9,93,6,72
19,67,8,96
21,74,5,88
28,67,8,60
20,82,5,80
15,63,8,66
28,62,6,96
37,96,7,77
11,74,8,68
1,69,6,97
19,86,7,93
21,80,9,85
22,91,7,50
19,82,5,90
13,92,9,93
18,75,7,53
16,61,6,53
15,67,4,50
13,74,8,98
15,60,7,81
25,66,7,91
21,80,7,90
28,77,6,73
30,75,7,57
21,79,7,82
25,63,9,54
22,68,8,56
24,75,9,70
13,65,6,99
16,93,5,65
24,67,8,89
15,83,8,100
26,77,7,53
16,76,8,84
19,81,8,61
21,86,5,57
23,84,7,73
29,83,8,62
27,83,9,76
11,91,8,61
25,85,6,78
9,64,5,73
24,91,7,72
32,75,7,55
13,82,6,56
21,91,5,84
17,83,6,75
18,68,10,85
24,79,7,81
20,97,9,69
15,74,6,72
22,95,5,97
21,64,7,83
26,76,5,57
27,63,5,64
7,74,6,66
35,67,6,77
18,89,5,72
5,73,6,89
19,68,6,98
31,89,7,70
18,84,6,64
23,88,8,66
18,72,9,84
16,92,6,86
9,64,6,99
29,80,8,52
11,85,7,96
24,81,7,71
20,83,6,73
16,63,8,82
13,77,8,68
26,69,7,61
25,71,7,52
19,76,6,68
17,85,9,74
14,96,9,64
18,93,7,76
28,73,7,65
35,61,7,61
15,81,7,75
19,76,6,65
26,73,7,53
14,94,5,89
25,87,6,75
27,70,7,88
15,68,8,70
19,63,6,51
21,65,6,100
13,64,6,88
19,95,9,85
17,73,7,85
1,88,4,72
27,86,7,88
29,64,9,77
5,62,7,71
30,86,8,78
28,67,7,51
8,89,8,62
30,75,8,73
24,76,7,77
17,93,8,93
20,100,6,61
8,64,7,82
25,75,8,75
20,69,8,81
19,87,8,50
17,82,10,82
14,81,6,89
21,91,6,66
15,70,6,73
20,64,6,57
13,77,6,70
16,76,7,95
17,65,7,65
18,70,7,93
20,63,4,86
25,93,5,63
21,71,6,79
19,92,7,90
13,63,10,73
19,85,6,84
22,67,7,59
32,72,8,93
17,78,6,66
15,97,6,63
15,86,8,79
21,98,8,51
18,66,9,62
24,88,7,71
20,94,6,97
18,73,8,53
23,62,5,87
10,89,6,62
26,80,4,91
19,97,8,98
26,81,5,82
26,78,8,65
22,97,6,57
30,82,7,71
18,83,5,66
24,89,5,58
31,72,8,98
21,84,9,53
24,91,8,73
11,82,8,63
23,81,4,54
25,82,8,65
19,78,9,74
17,80,9,64
12,99,6,83
24,81,7,69
16,85,8,87
14,100,8,91
26,82,4,94
24,76,8,69
25,84,5,91
11,90,7,72
22,83,8,99
30,68,7,59
28,68,9,85
17,93,9,57
14,71,8,89
13,82,8,56
24,65,10,94
23,79,6,87
16,82,7,99
14,98,7,52
32,75,5,91
22,94,7,75
13,86,8,53
23,79,6,54
20,74,5,69
24,88,8,58
15,65,8,62
12,88,6,52
25,81,8,68
11,72,8,55
19,95,7,95
18,82,8,62
23,94,8,100
22,80,4,57
10,81,8,95
32,87,7,71
29,76,8,70
27,63,8,87
25,85,10,95
16,64,7,65
25,82,7,99
25,98,8,56
20,73,6,65
22,93,9,97
11,78,7,98
20,61,8,92
15,67,8,89
12,64,9,81
19,79,8,55
25,70,6,57
25,80,10,88
30,88,7,68
11,97,7,68
20,66,7,94
18,69,7,62
23,92,6,71
16,69,7,85
21,90,9,89
14,80,6,62
25,87,7,89
14,72,9,53
28,69,8,77
22,66,6,97
18,95,8,54
12,96,9,76
21,67,6,88
25,64,5,89
20,95,8,83
8,98,7,60
25,89,6,82
12,68,8,88
14,90,9,56
20,73,6,82
31,96,8,67
17,87,5,60
30,73,4,60
6,98,8,75
24,67,4,78
28,77,9,54
3,92,5,95
16,74,8,80
25,65,5,90
20,100,7,73
11,93,9,94
4,62,6,78
15,96,7,74
21,81,7,85
26,81,8,98
14,91,8,93
19,84,6,84
20,93,8,68
18,63,7,52
19,69,7,61
19,98,7,68
27,86,8,79
25,70,8,61
18,80,7,57
21,71,8,59
19,100,5,55
18,93,7,69
29,70,4,91
4,64,7,65
24,80,5,51
24,73,6,82
21,73,9,99
17,61,7,58
15,68,6,50
18,66,5,97
21,99,7,95
12,70,6,81
32,61,7,80
11,62,5,82
22,89,8,78
9,80,7,91
13,96,8,62
20,80,8,99
22,69,6,91
18,95,7,87
30,61,8,90
11,62,7,76
19,61,10,67
21,90,8,61
9,98,7,58
17,72,7,94
18,72,6,64
14,75,8,62
13,70,7,80
22,90,9,81
27,88,7,93
19,65,7,76
31,64,6,83
14,80,7,90
31,76,9,83
27,71,8,69
11,78,8,51
28,63,7,91
24,70,9,65
24,81,9,64
18,74,8,72
12,90,8,93
22,92,5,72
15,98,9,98
24,69,5,83
21,93,7,67
17,87,8,92
19,82,9,69
15,82,7,93
20,65,8,97
17,64,10,63
16,100,7,82
21,62,6,74
